movieId,bi
1,0.5151547996485735
2,0.09724939424316803
3,-0.019084330786209414
4,-1.2473452003514267
5,-0.3360548777707817
6,0.32618421141327936
7,-0.16401186701809323
8,-0.3306785336847602
9,-0.29734520035142653
10,-0.14141299696159626
11,0.37107585228015205
12,-1.2473452003514267
13,-0.0973452003514268
14,0.5026547996485733
15,-0.6402023432085695
16,0.3826547996485732
17,0.4089047996485733
18,0.9026547996485736
19,-0.8973452003514266
20,-1.6402023432085695
21,0.0026547996485732916
22,-0.08825429126051754
23,-0.12234520035142671
24,-0.2830594860657123
25,0.08802065330710995
26,0.3359881329819068
27,-0.16401186701809323
28,1.5026547996485733
29,0.5026547996485733
30,0.5026547996485733
31,-0.18965289265911922
32,0.4756277726215461
34,0.5693214663152397
36,0.5026547996485733
38,-0.9973452003514267
39,-0.33370883671506313
40,0.5026547996485733
41,0.20265479964857347
42,-0.6973452003514269
43,-0.2473452003514267
44,-0.8473452003514268
45,-0.19734520035142689
46,-0.9259166289228551
47,0.32874175617031254
48,-0.41734520035142664
49,-0.4973452003514267
50,0.7929773802937343
52,-0.0855804944690739
53,1.5026547996485733
54,-0.9973452003514267
55,0.5026547996485733
57,-0.0973452003514268
58,0.780432577426351
60,0.028970589122257362
61,0.5026547996485733
62,0.3722200170398775
63,-0.4973452003514267
64,-0.9973452003514267
65,-1.0236609898251108
66,-0.7473452003514267
68,-0.16401186701809323
69,0.7526547996485733
70,-0.4348452003514267
71,-1.83067853368476
72,0.5026547996485733
73,0.10265479964857338
74,0.6693214663152403
75,-0.9973452003514267
76,0.1276547996485733
77,0.5026547996485733
78,-0.16401186701809323
79,-0.7830594860657123
80,0.5026547996485733
81,-0.29734520035142653
82,0.5026547996485733
83,-0.4973452003514267
85,0.1693214663152398
86,0.7026547996485735
87,-0.4973452003514267
88,-0.4973452003514267
89,-0.0973452003514268
92,-0.9973452003514267
93,0.0026547996485732916
94,0.5026547996485733
95,-0.23203907790244704
96,-0.4973452003514267
97,1.0026547996485733
99,1.5026547996485733
100,-0.4973452003514267
101,1.1693214663152403
102,-1.0973452003514268
103,-0.4973452003514267
104,0.03206656435445554
105,-0.2830594860657123
106,0.5026547996485733
107,-0.26657596958219587
108,0.5026547996485733
110,0.8005271400741054
111,0.5614783290603378
112,0.018783831906637793
113,-0.16401186701809323
116,0.1693214663152398
117,-0.4973452003514267
118,-0.9973452003514267
119,-0.4973452003514267
121,0.5026547996485733
122,-0.719567422573649
123,-0.4973452003514267
125,0.6455119425057165
126,-1.4973452003514267
129,-1.4973452003514267
132,-0.6640118670180932
135,-0.6402023432085695
137,-0.4973452003514267
140,0.0026547996485732916
141,-0.01817853368476019
144,-0.19734520035142689
145,-0.0855804944690739
146,0.0026547996485732916
147,0.1693214663152398
148,1.5026547996485733
149,-1.4973452003514267
150,0.39677244670739675
151,0.28043257742635097
152,-1.4973452003514267
153,-0.4098452003514268
154,0.10265479964857338
155,-0.9973452003514267
156,-0.4973452003514267
157,-0.6402023432085695
158,-0.3773452003514266
159,-0.9259166289228551
160,-0.63067853368476
161,0.19757005388586135
162,0.7248770218707956
163,-0.11803485552384041
164,0.1276547996485733
165,0.01616831316208689
166,0.0026547996485732916
168,-0.2751229781292044
169,-0.6973452003514269
170,-0.4973452003514267
171,0.0026547996485732916
172,-0.9518906548968813
173,-0.8609815639877905
174,-0.4973452003514267
175,1.102654799648573
176,0.9026547996485736
177,-0.9973452003514267
178,-2.4973452003514267
179,-1.9973452003514267
180,-0.6402023432085695
181,-1.0973452003514268
183,0.0026547996485732916
184,-0.4973452003514267
185,-0.3086659550684079
186,-0.27995389600360054
187,0.5026547996485733
188,0.1276547996485733
189,-0.4973452003514267
190,-1.2473452003514267
191,-1.4973452003514267
193,-0.7473452003514267
194,-0.08067853368476019
195,-0.3306785336847602
196,-0.793641496647723
198,-0.4447136214040581
199,0.5026547996485733
201,-0.4973452003514267
203,0.05821035520412865
204,-0.8306785336847602
205,-0.4973452003514267
206,-0.4973452003514267
207,0.39154368853746213
208,-0.8064361094423358
209,0.5026547996485733
210,0.0026547996485732916
211,0.5026547996485733
212,0.5026547996485733
213,0.8359881329819063
214,0.5026547996485733
215,0.6693214663152403
216,-0.4259166289228551
217,-1.2473452003514267
218,0.1693214663152398
219,-0.4973452003514267
220,-0.4973452003514267
222,0.32083661783039163
223,0.4776547996485734
224,0.15650095349472704
225,0.11376591075968445
227,-0.4973452003514267
228,-0.4973452003514267
229,0.2526547996485733
230,0.11803941503318871
231,-0.5714192744255007
232,0.3597976567914305
233,0.0026547996485732916
234,-0.9973452003514267
235,0.22060351759729135
236,-0.017345200351426726
237,-0.16401186701809323
238,0.5026547996485733
239,-1.0973452003514268
240,-0.4973452003514267
241,0.5026547996485733
242,0.0026547996485732916
243,-0.4973452003514267
246,0.9144195055309265
247,0.3776547996485733
248,-0.18965289265911922
249,0.11803941503318871
250,0.0026547996485732916
251,-0.4973452003514267
252,0.07957787657165039
253,-0.01586371886994531
254,-0.4973452003514267
255,-1.1640118670180932
256,-0.2473452003514267
257,-0.22461792762415378
258,-0.7473452003514267
259,-0.4973452003514267
260,1.0026547996485733
261,0.46419326118703497
262,0.5026547996485733
265,0.4193214663152398
266,-0.03580673881296503
267,-0.6084563114625379
269,-0.4973452003514267
270,0.1693214663152398
271,0.1693214663152398
272,0.3359881329819068
273,-0.7116309146371411
274,0.0026547996485732916
275,-1.4973452003514267
276,-0.03580673881296503
277,0.05821035520412865
278,-2.4973452003514267
279,-0.4973452003514267
280,0.5026547996485733
281,0.34880864580241955
282,0.09524739224116585
283,0.1693214663152398
285,0.5026547996485733
287,-0.4973452003514267
288,-0.5862340892403157
289,0.1693214663152398
290,0.5026547996485733
291,-0.9973452003514267
292,-0.056667234249731635
293,0.2831426045266219
294,-0.4973452003514267
295,-0.4973452003514267
296,0.546902587259193
298,-1.4973452003514267
299,0.5026547996485733
300,0.07162031688995274
301,0.5026547996485733
302,-0.4973452003514267
303,-0.6973452003514269
304,-0.4973452003514267
305,-0.4973452003514267
306,0.1693214663152398
307,0.5026547996485733
308,0.8359881329819063
310,-0.4973452003514267
311,-0.4973452003514267
312,-1.83067853368476
313,0.0026547996485732916
314,0.6026547996485729
315,-0.33734520035142657
316,-0.19734520035142689
317,-0.0973452003514268
318,1.0137659107596844
319,0.3597976567914305
320,-0.4973452003514267
321,0.5026547996485733
322,0.2526547996485733
324,0.5026547996485733
325,-0.8306785336847602
326,0.5026547996485733
327,-0.4064361094423359
328,-0.3306785336847602
329,-0.1694763478924104
330,-0.8306785336847602
331,-0.4973452003514267
332,-0.4973452003514267
333,0.46419326118703497
334,0.8359881329819063
335,0.0026547996485732916
336,-0.4973452003514267
337,0.6541699511637247
338,-0.6640118670180932
339,0.11049793690347531
340,-0.2473452003514267
341,0.5026547996485733
342,-0.3208746121161328
343,-0.16401186701809323
344,-0.6034058064120327
345,0.1949624919562658
346,0.0026547996485732916
347,-0.2473452003514267
348,0.11376591075968445
349,0.3195562080992773
350,-0.0973452003514268
351,-0.2473452003514267
352,-0.9973452003514267
353,0.1800741544872828
354,0.10265479964857338
355,-0.8782975813038076
356,0.7526547996485733
357,0.14095267198899863
358,-0.9259166289228551
359,-0.4973452003514267
360,-0.4973452003514267
361,-0.4973452003514267
362,0.14551194250571609
363,0.5026547996485733
364,0.35171140342215823
365,-0.9973452003514267
366,-0.38623408924031555
367,-0.13502635977171673
368,0.03924016550223186
369,0.5026547996485733
370,-0.4973452003514267
371,-0.06877377177999833
372,-0.4973452003514267
373,0.20265479964857347
374,-1.133708836715063
376,-0.10448805749428391
377,0.16174570873948246
378,-0.8306785336847602
379,-1.2751229781292044
380,-0.04471362140405821
381,0.3597976567914305
382,0.07408337107714491
383,-0.6511913541975805
384,-0.4973452003514267
385,0.5026547996485733
386,-0.4973452003514267
387,-0.9973452003514267
388,-0.4973452003514267
389,0.5026547996485733
390,1.5026547996485733
393,-1.4973452003514267
405,-1.354488057494284
406,-0.4973452003514267
407,-0.9973452003514267
408,-0.4973452003514267
410,-0.39478109778732406
412,0.1693214663152398
413,-0.8973452003514266
414,-0.4973452003514267
415,-0.9973452003514267
416,-0.9259166289228551
417,0.5026547996485733
418,-0.4973452003514267
419,-0.38623408924031555
420,-0.6791633821696084
421,-0.3723452003514267
422,-0.4973452003514267
423,-0.6402023432085695
424,-2.4973452003514267
426,-0.3544880574942839
427,-0.8306785336847602
428,0.2169405139342877
429,-1.9973452003514267
430,1.5026547996485733
431,0.13901843601220953
432,-0.6454933484995751
433,-0.8306785336847602
434,-0.3037968132546527
435,-0.8199258455127172
436,-0.8973452003514266
437,-1.1640118670180932
438,-0.6973452003514269
440,0.17612418740367541
441,0.34880864580241955
442,-0.36576625298300547
444,-1.4973452003514267
445,-0.6084563114625379
446,1.0026547996485733
448,0.07408337107714491
449,-2.4973452003514267
450,-0.6640118670180932
451,0.5026547996485733
452,-0.4973452003514267
453,-0.4973452003514267
454,0.1478160899711538
455,-1.2116309146371411
456,1.5026547996485733
457,0.5443214663152403
458,-0.4973452003514267
459,-0.9973452003514267
460,-0.4973452003514267
461,-1.1640118670180932
464,-0.8306785336847602
466,-0.9204221234283496
467,1.5026547996485733
468,-0.11272981573604213
469,-0.2473452003514267
470,-2.4973452003514267
471,0.12170241869619236
472,-0.4973452003514267
473,-1.4973452003514267
474,0.16222926773367963
475,0.8662911632849366
476,-2.4973452003514267
477,-0.03580673881296503
479,-1.1640118670180932
480,0.39154368853746213
481,-0.29734520035142653
482,0.1693214663152398
484,-2.4973452003514267
485,-0.535806738812965
486,-0.9973452003514267
487,-0.8306785336847602
488,-0.4973452003514267
489,-0.6640118670180932
490,-0.38623408924031555
491,0.3776547996485733
492,0.5026547996485733
493,0.1276547996485733
494,0.1693214663152398
495,1.5026547996485733
496,1.5026547996485733
497,0.39154368853746213
499,-0.9973452003514267
500,0.05821035520412865
501,0.0026547996485732916
502,-0.6402023432085695
504,-0.4973452003514267
505,-0.8306785336847602
506,1.5026547996485733
507,-0.13370883671506295
508,0.3103471073408808
509,-0.025122978129204387
510,-0.4973452003514267
511,-1.4973452003514267
512,0.0026547996485732916
513,-0.2473452003514267
514,0.048109345103118706
515,0.3026547996485731
516,-0.8609815639877905
517,-0.29734520035142653
518,-0.9973452003514267
519,-0.8973452003514266
520,-0.535806738812965
521,-0.4973452003514267
522,0.5026547996485733
523,-0.16401186701809323
524,0.04111633811011162
526,0.5026547996485733
527,0.9815280390851933
528,-0.4973452003514267
529,0.4572002541940279
531,0.1693214663152398
532,-0.38623408924031555
533,-0.8723452003514267
534,0.1693214663152398
535,-0.4973452003514267
536,0.0026547996485732916
537,-0.38623408924031555
538,0.0026547996485732916
539,-0.015202343208569502
540,-0.8723452003514267
541,0.9026547996485736
542,-0.4973452003514267
543,0.0026547996485732916
544,-0.9973452003514267
546,-1.354488057494284
547,0.5026547996485733
548,-0.4973452003514267
549,1.0026547996485733
550,-0.4973452003514267
551,-0.11024842615787822
552,-0.2160952003514267
553,0.29053358752736136
555,0.1800741544872828
556,-0.16401186701809323
558,-0.16401186701809323
562,0.5026547996485733
564,-1.9973452003514267
567,-1.4973452003514267
568,0.0026547996485732916
569,-0.4973452003514267
574,-0.16401186701809323
575,-0.8306785336847602
577,-1.4973452003514267
580,-0.8306785336847602
581,0.5026547996485733
585,-0.6084563114625379
586,-0.5903684561653804
587,0.06405830842050309
588,0.3121786091723826
589,0.5896113213877041
590,0.34602829362447673
592,-0.12999826157591654
593,0.8392884630149102
594,0.36472376516581484
595,0.39496249195626554
596,0.1693214663152398
597,-0.03182795897211621
599,0.5026547996485733
600,0.5026547996485733
602,0.5026547996485733
605,-0.2473452003514267
606,-0.9973452003514267
608,0.692309972062366
609,0.1693214663152398
610,0.2169405139342877
611,-0.8973452003514266
612,-1.1640118670180932
613,0.8359881329819063
615,-0.4973452003514267
616,0.03206656435445554
617,-0.4973452003514267
618,-0.4973452003514267
619,-2.4973452003514267
626,1.5026547996485733
627,0.0026547996485732916
628,0.20265479964857347
631,0.10265479964857338
633,1.5026547996485733
634,-0.9973452003514267
635,-0.4973452003514267
636,-0.4973452003514267
637,-0.4348452003514267
638,-0.4973452003514267
639,-0.8306785336847602
640,-0.7973452003514265
645,-0.4973452003514267
647,-0.04734520035142653
648,0.07408337107714491
649,-0.4973452003514267
650,0.1693214663152398
653,-0.41734520035142664
656,-0.4973452003514267
661,0.19830697356161675
662,0.1693214663152398
663,0.0026547996485732916
667,-0.4973452003514267
668,1.5026547996485733
670,1.5026547996485733
671,0.0026547996485732916
673,-0.5973452003514268
674,-0.16401186701809323
678,0.5026547996485733
679,0.5026547996485733
680,0.5026547996485733
685,0.5026547996485733
688,-1.2473452003514267
691,-0.16401186701809323
692,-1.4973452003514267
694,-0.2473452003514267
695,0.5026547996485733
697,-0.4973452003514267
698,-2.4973452003514267
700,0.2526547996485733
703,-1.4973452003514267
704,-0.4973452003514267
706,-0.4973452003514267
707,-0.4973452003514267
708,0.09640479964857329
709,-0.4973452003514267
710,-0.8973452003514266
711,-0.4973452003514267
714,1.0026547996485733
715,0.1693214663152398
718,0.5026547996485733
719,-0.8306785336847602
720,0.85979765679143
722,0.5026547996485733
724,-0.03580673881296503
725,-0.9973452003514267
726,-0.4973452003514267
728,0.0026547996485732916
731,0.5026547996485733
733,0.1693214663152398
735,0.2526547996485733
736,-0.03702774003396625
737,-0.5882542912605175
741,0.8359881329819063
742,-0.6640118670180932
743,-0.8306785336847602
745,0.5026547996485733
747,-0.16401186701809323
748,-0.5687737717799983
750,1.1693214663152403
759,0.5026547996485733
760,0.5026547996485733
761,-0.7830594860657123
762,-0.8657662529830055
764,0.5026547996485733
765,-0.3973452003514266
766,-0.16401186701809323
775,-0.4973452003514267
778,0.5526547996485731
779,-0.4973452003514267
780,0.14739164175383657
781,0.0026547996485732916
782,-0.4973452003514267
783,0.20265479964857347
784,-0.4973452003514267
785,0.052654799648573114
786,-0.22461792762415378
788,-0.350286376822015
790,-1.4973452003514267
791,0.5026547996485733
795,-0.4973452003514267
798,-0.9259166289228551
799,0.0026547996485732916
800,0.5935638905576641
801,-0.4973452003514267
802,0.0026547996485732916
803,0.5026547996485733
804,-0.29734520035142653
805,0.11376591075968445
808,0.0026547996485732916
809,-0.9973452003514267
810,-0.3306785336847602
813,-0.7473452003514267
818,-0.2473452003514267
824,0.5026547996485733
828,0.2526547996485733
829,-0.7473452003514267
830,-1.2116309146371411
832,0.11803941503318871
833,-0.4973452003514267
835,0.1693214663152398
836,-0.4973452003514267
837,-0.4973452003514267
838,0.3026547996485731
839,-0.8973452003514266
840,0.0026547996485732916
842,-1.2973452003514265
848,0.10265479964857338
849,-0.8473452003514268
851,-0.9973452003514267
852,-0.0973452003514268
858,0.9470992440930179
861,0.10265479964857338
866,0.5651547996485733
867,-0.4973452003514267
869,0.1693214663152398
870,-2.4973452003514267
876,1.5026547996485733
879,-1.1640118670180932
880,-0.8973452003514266
881,-1.1640118670180932
882,-1.4973452003514267
885,-0.4973452003514267
886,0.5026547996485733
888,-0.4973452003514267
889,0.5026547996485733
891,-0.4973452003514267
892,0.0026547996485732916
893,0.5026547996485733
896,-0.4973452003514267
897,0.5026547996485733
898,1.1949624919562658
899,1.0026547996485733
900,0.7026547996485735
901,0.0026547996485732916
902,0.3776547996485733
903,0.7407500377438114
904,1.0411163381101116
905,1.0026547996485733
906,1.0026547996485733
907,0.5026547996485733
908,0.9426547996485737
909,0.5859881329819063
910,0.780432577426351
911,0.5026547996485733
912,1.0339047996485733
913,0.7693214663152399
914,0.9026547996485736
915,0.4257317227254962
916,0.6276547996485733
917,0.5026547996485733
918,0.8359881329819063
919,0.5339047996485733
920,0.11803941503318871
921,0.2526547996485733
922,0.8776547996485733
923,0.9026547996485736
924,0.4756277726215461
926,0.7026547996485735
927,0.5026547996485733
928,0.8359881329819063
930,0.8662911632849366
931,0.5026547996485733
932,0.5026547996485733
933,1.0359881329819065
934,-0.21163091463714112
935,1.5026547996485733
936,0.8359881329819063
937,-0.4973452003514267
938,1.5026547996485733
940,1.1693214663152403
942,1.0026547996485733
943,0.5026547996485733
944,0.5026547996485733
945,0.7526547996485733
946,-0.4973452003514267
947,1.5026547996485733
948,0.5026547996485733
949,0.5026547996485733
950,0.5026547996485733
951,1.102654799648573
952,0.3026547996485731
953,0.8776547996485733
954,1.102654799648573
955,0.5026547996485733
963,-0.4973452003514267
965,0.1693214663152398
968,-0.04279974580597212
969,0.6693214663152403
971,0.5026547996485733
973,0.5026547996485733
979,-0.4973452003514267
981,-0.4973452003514267
982,-0.4973452003514267
984,0.0026547996485732916
986,0.0026547996485732916
987,-0.4973452003514267
988,-0.4973452003514267
990,-0.8306785336847602
991,-0.3544880574942839
993,-0.4973452003514267
994,0.9312262282200021
996,-1.1640118670180932
998,-1.4973452003514267
999,-0.6223452003514267
1003,-1.4973452003514267
1004,-0.2473452003514267
1005,-1.4973452003514267
1006,0.5026547996485733
1007,-0.9973452003514267
1008,-0.4973452003514267
1009,-0.4973452003514267
1010,-0.4973452003514267
1011,-0.3306785336847602
1012,0.2526547996485733
1013,-0.12234520035142671
1014,0.5026547996485733
1015,-0.6640118670180932
1016,-0.6973452003514269
1017,0.2526547996485733
1018,-1.2973452003514265
1019,-0.04279974580597212
1020,-0.31552701853324505
1021,-1.3973452003514266
1022,0.2526547996485733
1023,0.6455119425057165
1024,0.1693214663152398
1025,0.28043257742635097
1027,-0.8306785336847602
1028,0.6455119425057165
1029,-0.16401186701809323
1030,-0.9417896447958714
1031,0.08598813298190677
1032,-0.4973452003514267
1033,-0.4973452003514267
1034,-0.4973452003514267
1035,0.6455119425057165
1036,0.40009069708447065
1037,-0.6511913541975805
1040,-0.4973452003514267
1041,1.1693214663152403
1042,-0.23418730561458467
1043,-1.2473452003514267
1046,1.0026547996485733
1047,-0.26205108270436783
1049,0.22992752692130036
1050,0.5026547996485733
1051,0.5026547996485733
1053,-0.4973452003514267
1055,-1.4973452003514267
1056,-0.4973452003514267
1057,-0.05290075590698207
1059,0.6276547996485733
1060,0.5582103552041286
1061,0.32083661783039163
1064,-0.4973452003514267
1066,1.5026547996485733
1073,0.2883690853628589
1077,0.2526547996485733
1078,-0.29734520035142653
1079,0.5371375582692628
1080,0.15482871269205134
1081,0.0026547996485732916
1082,0.0026547996485732916
1083,-0.2473452003514267
1084,0.7526547996485733
1085,0.0026547996485732916
1086,0.7026547996485735
1088,-0.3723452003514267
1089,1.0832999609388962
1090,0.7526547996485733
1091,-0.8306785336847602
1092,-0.37969814152789727
1093,0.04111633811011162
1094,0.08598813298190677
1095,0.1276547996485733
1096,0.2526547996485733
1097,0.5461330605181387
1099,-0.4973452003514267
1100,-1.3973452003514266
1101,0.1949624919562658
1103,0.9026547996485736
1104,1.1276547996485733
1105,1.5026547996485733
1111,0.5026547996485733
1112,1.5026547996485733
1116,0.5026547996485733
1119,-0.4973452003514267
1120,-0.16401186701809323
1121,0.5026547996485733
1123,1.5026547996485733
1124,0.7026547996485735
1125,-0.19734520035142689
1126,-1.4973452003514267
1127,0.14265479964857342
1128,-1.83067853368476
1129,-0.21956742257364903
1130,-0.8306785336847602
1131,0.8359881329819063
1132,0.7526547996485733
1135,-0.4973452003514267
1136,0.8151547996485733
1137,0.5026547996485733
1140,1.5026547996485733
1144,0.5026547996485733
1147,1.2526547996485733
1148,0.8555959761191612
1150,0.8359881329819063
1151,1.5026547996485733
1161,0.5026547996485733
1162,-0.4973452003514267
1163,-2.4973452003514267
1167,0.5026547996485733
1170,-0.4973452003514267
1171,-0.05290075590698207
1172,0.6565009534947275
1173,-0.3544880574942839
1175,0.8359881329819063
1176,1.5026547996485733
1177,0.5026547996485733
1178,1.3026547996485731
1179,0.13423374701699453
1180,-0.4973452003514267
1183,0.46419326118703497
1184,0.5026547996485733
1185,1.0026547996485733
1186,0.5026547996485733
1187,-0.16401186701809323
1188,0.1693214663152398
1189,0.7026547996485735
1190,-0.4973452003514267
1191,0.10265479964857338
1192,1.1693214663152403
1193,0.7607193157776053
1194,0.2169405139342877
1196,0.8257317227254961
1197,0.9193214663152403
1198,1.062654799648573
1199,1.0320665643544555
1200,0.8082103552041286
1201,0.5651547996485733
1202,0.5026547996485733
1203,0.6276547996485733
1204,1.3151547996485733
1206,0.676567843126834
1207,1.0026547996485733
1208,1.054378937579608
1209,1.5026547996485733
1210,0.6455119425057165
1211,0.7026547996485735
1212,0.5026547996485733
1213,0.9693214663152401
1214,0.40741670441047795
1215,0.344760062806468
1216,-0.29734520035142653
1217,1.0740833710771445
1218,0.3359881329819068
1219,0.5026547996485733
1220,0.1693214663152398
1221,0.7597976567914304
1222,0.5767288737226477
1223,0.8359881329819063
1224,0.4026547996485732
1225,0.8070026257355294
1226,-0.16401186701809323
1227,0.1693214663152398
1228,0.6693214663152403
1230,0.4500232207012047
1231,0.7334240304178041
1232,-1.4973452003514267
1233,0.7967724467073967
1234,0.7109881329819063
1235,1.1276547996485733
1236,1.5026547996485733
1237,1.0026547996485733
1238,0.6693214663152403
1240,0.5289705891222574
1241,-2.4973452003514267
1242,0.9117457087394825
1243,1.0026547996485733
1244,0.6026547996485729
1245,1.0026547996485733
1246,0.3526547996485734
1247,0.45503575202952584
1248,1.2169405139342877
1249,0.9193214663152403
1250,0.973243034942691
1251,0.8359881329819063
1252,1.1901547996485733
1253,0.3776547996485733
1254,0.5026547996485733
1255,-0.4973452003514267
1256,0.3776547996485733
1257,0.0026547996485732916
1258,0.5935638905576641
1259,0.6238669208606944
1260,1.5026547996485733
1261,0.3359881329819068
1262,1.2299275269213008
1263,0.613765910759684
1264,0.3026547996485731
1265,0.5026547996485733
1266,0.5651547996485733
1267,1.3208366178303916
1268,0.0026547996485732916
1269,0.8359881329819063
1270,0.5651547996485733
1271,-0.2751229781292044
1272,0.7693214663152399
1273,1.1693214663152403
1274,-0.2751229781292044
1275,0.613765910759684
1276,0.9026547996485736
1277,0.9312262282200021
1278,0.684472981466755
1279,0.7526547996485733
1280,1.3026547996485731
1281,0.5026547996485733
1282,0.44709924409301793
1283,0.7526547996485733
1284,1.1693214663152403
1285,0.4438312702368088
1286,0.0026547996485732916
1287,0.8359881329819063
1288,0.7407500377438114
1289,0.3026547996485731
1290,-0.3544880574942839
1291,0.5539368509306244
1292,0.4193214663152398
1293,0.7883690853628589
1295,-0.3306785336847602
1296,0.8359881329819063
1297,0.6026547996485729
1298,-0.12234520035142671
1299,0.8359881329819063
1300,0.5026547996485733
1301,0.10265479964857338
1302,0.0026547996485732916
1303,0.7026547996485735
1304,0.3776547996485733
1305,0.0026547996485732916
1306,-1.4973452003514267
1307,0.59089009376622
1310,1.5026547996485733
1312,-0.9973452003514267
1320,-0.1444040238808384
1321,-0.4973452003514267
1322,-1.4973452003514267
1323,-1.4973452003514267
1324,-1.9973452003514267
1325,-1.4973452003514267
1326,-1.4973452003514267
1327,-0.7473452003514267
1328,-2.4973452003514267
1329,-1.4973452003514267
1330,-2.4973452003514267
1331,-1.4973452003514267
1332,0.0026547996485732916
1333,0.23598813298190668
1334,-0.4973452003514267
1336,-2.4973452003514267
1339,0.14551194250571609
1340,-0.4973452003514267
1341,-0.4973452003514267
1342,-0.16401186701809323
1343,0.3026547996485731
1344,0.6455119425057165
1345,-0.19734520035142689
1346,-0.4973452003514267
1347,-0.7473452003514267
1348,0.10265479964857338
1349,1.5026547996485733
1350,0.6693214663152403
1351,-0.9973452003514267
1352,-1.4973452003514267
1353,0.0026547996485732916
1354,0.5026547996485733
1355,-2.4973452003514267
1356,0.3065763682760241
1357,0.8026547996485731
1358,0.39154368853746213
1359,-0.2751229781292044
1361,1.0026547996485733
1363,-0.0973452003514268
1365,-0.16401186701809323
1366,0.5026547996485733
1367,-0.2868188845619528
1370,-0.26657596958219587
1371,-0.5882542912605175
1372,-0.10845631146253787
1373,-0.8544880574942839
1374,0.1996244966182701
1375,-0.20104890405513043
1376,-0.07629256877247936
1377,-0.4973452003514267
1378,0.22992752692130036
1379,-0.8306785336847602
1380,0.06515479964857329
1381,-0.8973452003514266
1382,-2.4973452003514267
1385,-0.4973452003514267
1387,0.9542677028743793
1388,-1.2116309146371411
1389,-2.1640118670180932
1390,-0.6402023432085695
1391,-0.14250649067400722
1392,1.0026547996485733
1393,0.2839047996485733
1394,0.7785168686140902
1395,-0.4973452003514267
1396,-0.1444040238808384
1397,0.5026547996485733
1398,-1.4973452003514267
1399,-0.9973452003514267
1401,0.5026547996485733
1405,-0.3973452003514266
1406,1.0026547996485733
1407,0.02265479964857331
1408,0.2248770218707956
1409,-0.719567422573649
1411,1.0026547996485733
1413,0.5026547996485733
1414,-0.2473452003514267
1415,-0.9973452003514267
1416,-0.2473452003514267
1417,-0.4973452003514267
1419,0.5026547996485733
1422,-0.8306785336847602
1425,-0.7473452003514267
1427,-2.4973452003514267
1428,-0.4973452003514267
1429,0.08598813298190677
1430,-0.4973452003514267
1431,-1.2973452003514265
1432,-1.1640118670180932
1437,-0.4973452003514267
1438,-1.1223452003514267
1439,-0.4973452003514267
1440,-1.9973452003514267
1441,-0.6640118670180932
1442,0.0026547996485732916
1445,-0.8973452003514266
1446,1.1693214663152403
1447,0.5026547996485733
1449,0.1276547996485733
1453,-1.4973452003514267
1454,0.5026547996485733
1456,-1.4973452003514267
1457,-0.3306785336847602
1458,0.5026547996485733
1459,-0.6640118670180932
1460,-0.4973452003514267
1461,-1.2473452003514267
1464,-0.9973452003514267
1465,0.5026547996485733
1466,0.2169405139342877
1468,-0.8306785336847602
1473,0.5026547996485733
1474,-1.0973452003514268
1475,0.5026547996485733
1476,0.4026547996485732
1479,-0.9417896447958714
1480,0.0026547996485732916
1483,-0.6973452003514269
1484,0.5026547996485733
1485,-0.1444040238808384
1487,0.0026547996485732916
1488,-1.1640118670180932
1489,-0.4973452003514267
1495,-1.4973452003514267
1497,0.5026547996485733
1498,-0.9973452003514267
1499,-2.0529007559069825
1500,0.15650095349472704
1502,-0.9973452003514267
1503,0.5026547996485733
1513,-0.4973452003514267
1514,-0.4973452003514267
1515,-1.6223452003514267
1516,-0.4973452003514267
1517,0.23342403041780413
1518,-0.19734520035142689
1519,-2.4973452003514267
1526,-3.4973452003514267
1527,0.03836908536285888
1529,0.0026547996485732916
1533,1.5026547996485733
1537,0.5026547996485733
1541,-0.8973452003514266
1542,0.0026547996485732916
1544,-0.8306785336847602
1545,1.5026547996485733
1547,-0.4973452003514267
1549,0.5026547996485733
1550,-0.9973452003514267
1551,-0.4973452003514267
1552,-0.19734520035142689
1554,-1.4973452003514267
1556,-2.297345200351427
1562,-1.2473452003514267
1564,0.5026547996485733
1565,0.5026547996485733
1566,-0.08067853368476019
1569,0.08598813298190677
1571,1.5026547996485733
1573,-0.04020234320856941
1574,-2.4973452003514267
1580,0.11668988736787167
1581,-0.4973452003514267
1582,-0.8973452003514266
1583,-0.4973452003514267
1584,0.3302410065451249
1585,-0.4973452003514267
1586,-0.38623408924031555
1587,-0.1402023432085695
1588,-0.7830594860657123
1589,-0.4973452003514267
1590,-0.8973452003514266
1591,-0.6223452003514267
1592,-1.4973452003514267
1593,-1.1640118670180932
1594,0.5026547996485733
1596,0.8359881329819063
1597,-0.6473452003514266
1598,-1.4973452003514267
1599,-0.4973452003514267
1600,0.0026547996485732916
1601,-0.9973452003514267
1602,-1.4973452003514267
1603,-1.2751229781292044
1604,0.0026547996485732916
1605,-0.4973452003514267
1606,-0.4973452003514267
1608,-0.1815557266672161
1609,-1.4973452003514267
1610,0.6238669208606944
1611,0.1693214663152398
1612,-0.4973452003514267
1613,0.5026547996485733
1614,-0.4973452003514267
1615,-0.3544880574942839
1616,-0.6791633821696084
1617,0.7967724467073967
1619,-0.4973452003514267
1620,-0.3723452003514267
1621,-1.4973452003514267
1623,-1.4973452003514267
1624,-2.4973452003514267
1625,0.39154368853746213
1626,-1.4973452003514267
1627,-0.16401186701809323
1629,-0.16401186701809323
1631,1.5026547996485733
1633,0.8359881329819063
1635,0.3359881329819068
1639,0.5795778765716499
1641,0.3359881329819068
1642,-1.9973452003514267
1643,0.5026547996485733
1644,-1.2973452003514265
1645,-0.3098452003514267
1646,-1.4973452003514267
1647,-0.4973452003514267
1648,-0.16401186701809323
1649,-1.4973452003514267
1650,0.5026547996485733
1653,0.6226547996485734
1656,0.5026547996485733
1658,0.2526547996485733
1659,0.5026547996485733
1660,-0.4973452003514267
1661,-0.4973452003514267
1662,-0.4973452003514267
1663,0.3597976567914305
1665,-0.7830594860657123
1667,-1.4973452003514267
1670,-0.4973452003514267
1671,-0.4973452003514267
1672,0.5026547996485733
1673,0.9193214663152403
1674,0.39154368853746213
1676,-0.35941416586866826
1677,-1.4973452003514267
1678,0.10265479964857338
1679,-1.4973452003514267
1680,0.2169405139342877
1681,-0.4973452003514267
1682,0.13423374701699453
1683,0.7526547996485733
1684,0.5026547996485733
1685,-0.4973452003514267
1686,0.1693214663152398
1687,0.0026547996485732916
1688,0.0026547996485732916
1689,-1.1640118670180932
1690,-0.9348452003514267
1693,0.2169405139342877
1694,-0.7473452003514267
1695,0.5026547996485733
1696,0.0026547996485732916
1699,0.5026547996485733
1701,1.5026547996485733
1702,-0.4973452003514267
1703,-0.4973452003514267
1704,0.4193214663152398
1707,-2.4973452003514267
1711,-0.4204221234283496
1713,0.1693214663152398
1717,-0.11272981573604213
1718,-1.4973452003514267
1719,0.7753820723758458
1721,0.4681720410278838
1722,-0.5973452003514268
1726,-0.7473452003514267
1727,-0.4973452003514267
1729,0.14551194250571609
1730,0.5026547996485733
1731,-1.9973452003514267
1732,0.7658126943854158
1733,0.8359881329819063
1734,0.3026547996485731
1735,0.2526547996485733
1739,0.5026547996485733
1747,0.028970589122257362
1748,0.11803941503318871
1753,-0.4973452003514267
1754,0.0026547996485732916
1755,0.5026547996485733
1759,1.5026547996485733
1760,-2.1640118670180932
1762,-2.4973452003514267
1767,-0.4973452003514267
1769,-0.719567422573649
1772,-0.6973452003514269
1777,-0.03580673881296503
1779,-1.2116309146371411
1783,-0.7473452003514267
1784,0.3359881329819068
1785,0.5026547996485733
1791,-1.4973452003514267
1792,-0.7473452003514267
1793,0.5026547996485733
1797,0.7526547996485733
1798,-0.4973452003514267
1799,-0.16401186701809323
1801,-1.4973452003514267
1804,-0.4973452003514267
1805,-0.2473452003514267
1806,-1.4973452003514267
1807,-0.4973452003514267
1809,-0.4973452003514267
1810,-0.06877377177999833
1812,0.1693214663152398
1816,-0.4973452003514267
1821,-0.4973452003514267
1824,-2.4973452003514267
1826,-1.4973452003514267
1829,-0.4973452003514267
1831,-1.2116309146371411
1833,-0.7473452003514267
1834,0.6693214663152403
1835,-0.4973452003514267
1836,1.0026547996485733
1837,-1.9973452003514267
1839,-0.4973452003514267
1840,-0.9973452003514267
1841,-0.4973452003514267
1844,0.5026547996485733
1845,0.3597976567914305
1848,-0.4973452003514267
1855,-0.4973452003514267
1856,0.5026547996485733
1858,-1.2473452003514267
1859,0.5026547996485733
1860,-1.1640118670180932
1862,-1.2473452003514267
1863,-1.1640118670180932
1866,-1.1640118670180932
1867,-1.4973452003514267
1870,-0.4973452003514267
1873,-0.16401186701809323
1875,0.3026547996485731
1876,-0.26205108270436783
1881,-2.4973452003514267
1882,-1.2473452003514267
1883,-0.4140118670180932
1884,0.6455119425057165
1885,-0.12234520035142671
1888,-0.4973452003514267
1889,0.5026547996485733
1891,-1.4973452003514267
1892,-0.7830594860657123
1894,-0.4973452003514267
1895,0.1693214663152398
1897,0.5026547996485733
1900,0.5026547996485733
1902,0.5026547996485733
1904,0.0026547996485732916
1906,-0.9973452003514267
1907,0.32083661783039163
1909,0.28043257742635097
1910,-1.4973452003514267
1911,-1.1640118670180932
1912,0.5026547996485733
1914,-0.4973452003514267
1916,0.1693214663152398
1917,-0.5806785336847602
1918,-0.8544880574942839
1919,-1.4973452003514267
1920,-0.6973452003514269
1921,0.4312262282200017
1922,0.0026547996485732916
1923,0.5396918366856105
1924,1.0026547996485733
1927,1.5026547996485733
1931,0.5026547996485733
1934,0.5026547996485733
1936,0.5026547996485733
1937,-0.4973452003514267
1938,0.5026547996485733
1939,0.5026547996485733
1941,0.5026547996485733
1942,1.5026547996485733
1944,0.2526547996485733
1945,1.1693214663152403
1946,0.5026547996485733
1947,0.8872701842639583
1948,0.2526547996485733
1949,0.5026547996485733
1950,0.8359881329819063
1951,0.5026547996485733
1952,0.7026547996485735
1953,0.41174570873948246
1954,0.5978928948866682
1955,0.5026547996485733
1956,0.6693214663152403
1957,0.6026547996485729
1958,0.3026547996485731
1959,0.3359881329819068
1960,-0.05290075590698207
1961,0.39154368853746213
1962,0.07408337107714491
1963,-0.4973452003514267
1964,0.7026547996485735
1965,0.0026547996485732916
1966,0.7026547996485735
1967,0.1949624919562658
1968,0.30821035520412865
1969,-1.2473452003514267
1970,-0.8306785336847602
1971,-0.9973452003514267
1972,-0.8306785336847602
1973,-1.2473452003514267
1974,-0.3306785336847602
1975,-1.2473452003514267
1976,-1.4973452003514267
1977,-0.7473452003514267
1978,-0.4973452003514267
1979,-0.4973452003514267
1980,-1.4973452003514267
1981,-1.4973452003514267
1982,0.7883690853628589
1983,-1.4973452003514267
1984,-1.4973452003514267
1985,-1.4973452003514267
1986,-1.9973452003514267
1987,-0.9973452003514267
1990,0.5026547996485733
1991,-0.7473452003514267
1992,-1.4973452003514267
1993,-1.9973452003514267
1994,0.0026547996485732916
1995,-1.6973452003514267
1996,-1.4973452003514267
1997,0.8151547996485733
1998,-2.4973452003514267
1999,-2.9973452003514267
2000,0.35450665150042493
2001,-0.4385216709396622
2002,-0.8544880574942839
2003,-0.4259166289228551
2004,-0.16401186701809323
2005,0.10265479964857338
2006,-0.4973452003514267
2007,-1.4973452003514267
2008,-0.4973452003514267
2009,0.0026547996485732916
2010,0.3359881329819068
2011,-0.5640118670180936
2012,-0.38623408924031555
2013,-0.38623408924031555
2014,-0.9973452003514267
2015,-0.29734520035142653
2016,-0.7473452003514267
2017,0.1693214663152398
2018,0.32083661783039163
2019,0.41174570873948246
2020,0.8103471073408808
2021,-0.06877377177999833
2022,0.2526547996485733
2023,-0.12234520035142671
2024,-0.16401186701809323
2025,0.5026547996485733
2026,-1.4973452003514267
2027,-1.8973452003514266
2028,0.8800132902146109
2032,-1.4973452003514267
2033,0.3026547996485731
2034,-0.9973452003514267
2035,-0.4973452003514267
2036,-1.4973452003514267
2037,0.5026547996485733
2038,-1.4973452003514267
2040,-0.4973452003514267
2041,0.5026547996485733
2042,-0.9973452003514267
2043,-0.8306785336847602
2044,-0.4973452003514267
2046,-0.4064361094423359
2048,-0.0973452003514268
2050,-1.9973452003514267
2051,-1.1640118670180932
2052,-0.9973452003514267
2053,-1.4064361094423359
2054,-0.4973452003514267
2055,-0.4973452003514267
2056,-0.4973452003514267
2057,0.0026547996485732916
2058,-0.05290075590698207
2059,-0.8306785336847602
2060,-0.2473452003514267
2064,0.2673606820015144
2065,0.10265479964857338
2066,0.5026547996485733
2067,1.0026547996485733
2068,1.5026547996485733
2069,1.5026547996485733
2070,-0.4973452003514267
2072,-0.7473452003514267
2073,0.1693214663152398
2074,0.5026547996485733
2075,1.5026547996485733
2076,0.5026547996485733
2077,0.0026547996485732916
2078,0.3597976567914305
2080,0.28043257742635097
2081,0.45503575202952584
2082,-0.4973452003514267
2083,0.2526547996485733
2084,-0.4973452003514267
2085,-0.030678533684759923
2087,0.3359881329819068
2088,-1.133708836715063
2089,0.5026547996485733
2090,0.2169405139342877
2091,-1.4973452003514267
2092,-1.1640118670180932
2093,-0.8306785336847602
2094,-0.04734520035142653
2095,-0.8306785336847602
2096,0.3026547996485731
2097,-0.4973452003514267
2098,-0.9973452003514267
2099,0.1693214663152398
2100,-0.2751229781292044
2102,-1.9973452003514267
2103,-0.9973452003514267
2104,0.5026547996485733
2105,-0.026756965057308957
2106,0.2526547996485733
2108,-0.026756965057308957
2109,-0.12234520035142671
2110,0.04111633811011162
2111,-0.16401186701809323
2112,-0.6973452003514269
2114,0.5026547996485733
2115,-0.11272981573604213
2116,0.05821035520412865
2117,-0.12234520035142671
2118,0.2169405139342877
2119,-1.9973452003514267
2120,-1.4973452003514267
2121,-0.9973452003514267
2122,-1.9973452003514267
2123,-1.2473452003514267
2124,-0.2751229781292044
2125,-0.4973452003514267
2126,-0.9973452003514267
2130,0.3026547996485731
2131,1.0026547996485733
2132,0.5026547996485733
2133,-0.21163091463714112
2134,-0.21163091463714112
2135,-0.06877377177999833
2136,-0.29734520035142653
2137,0.1276547996485733
2138,0.7526547996485733
2139,-0.4973452003514267
2140,0.1693214663152398
2141,0.39154368853746213
2142,-0.8973452003514266
2143,-0.6223452003514267
2144,0.4257317227254962
2145,-0.2306785336847601
2146,-0.12234520035142671
2147,-0.4973452003514267
2148,-0.6640118670180932
2149,-0.9973452003514267
2150,0.7026547996485735
2151,0.5026547996485733
2152,-1.4973452003514267
2153,-1.4973452003514267
2155,0.1693214663152398
2159,1.5026547996485733
2160,0.9026547996485736
2161,-0.03580673881296503
2162,-1.4973452003514267
2163,-0.4973452003514267
2165,0.5026547996485733
2166,-0.4973452003514267
2167,-0.3544880574942839
2169,-1.2473452003514267
2170,-2.4973452003514267
2171,0.0026547996485732916
2172,-0.4973452003514267
2174,-0.2715387487385237
2176,0.5026547996485733
2177,-0.4973452003514267
2178,0.0026547996485732916
2179,-0.4973452003514267
2181,-0.4973452003514267
2182,-1.4973452003514267
2183,-0.4973452003514267
2184,0.0026547996485732916
2186,0.9026547996485736
2188,-0.9973452003514267
2193,0.048109345103118706
2194,0.5935638905576641
2195,0.2526547996485733
2201,-0.4973452003514267
2202,0.8359881329819063
2203,1.0026547996485733
2204,0.5026547996485733
2206,0.5026547996485733
2208,1.0026547996485733
2210,-0.4973452003514267
2212,0.5026547996485733
2227,-0.4973452003514267
2231,0.1276547996485733
2232,-0.6973452003514269
2236,-0.4973452003514267
2239,1.3026547996485731
2240,0.1693214663152398
2241,-0.4973452003514267
2243,-0.20322755329260334
2244,-1.9973452003514267
2245,-0.0973452003514268
2247,-0.2751229781292044
2248,0.5859881329819063
2249,-0.6402023432085695
2252,-1.2473452003514267
2253,-1.315527018533245
2255,-2.4973452003514267
2256,-0.9973452003514267
2259,0.0026547996485732916
2260,-0.9973452003514267
2261,-1.1640118670180932
2262,-0.6640118670180932
2263,-0.7473452003514267
2264,-0.4973452003514267
2265,-0.4973452003514267
2266,-0.4973452003514267
2267,-0.4973452003514267
2268,0.28043257742635097
2269,-0.8306785336847602
2271,-0.4973452003514267
2272,-0.4973452003514267
2273,-0.19734520035142689
2275,1.0026547996485733
2278,-0.1815557266672161
2279,-1.4973452003514267
2280,-0.4973452003514267
2282,-0.4973452003514267
2283,0.5026547996485733
2286,-1.4973452003514267
2287,0.5026547996485733
2288,0.0026547996485732916
2289,0.3026547996485731
2290,-0.4973452003514267
2291,0.06515479964857329
2294,-0.2306785336847601
2295,1.0026547996485733
2296,-1.9973452003514267
2297,0.0026547996485732916
2300,0.4257317227254962
2301,-0.16401186701809323
2302,-0.22461792762415378
2303,-0.4973452003514267
2304,0.5026547996485733
2306,-0.8306785336847602
2307,-0.4973452003514267
2310,0.1693214663152398
2311,-0.06877377177999833
2312,-0.06877377177999833
2313,0.3026547996485731
2314,1.5026547996485733
2315,-1.4973452003514267
2316,-1.4973452003514267
2318,1.0026547996485733
2320,-0.2473452003514267
2321,-0.08067853368476019
2322,0.1693214663152398
2323,1.5026547996485733
2324,0.5693214663152397
2325,0.2526547996485733
2327,-1.4973452003514267
2328,-1.4973452003514267
2329,0.5026547996485733
2330,1.5026547996485733
2331,-0.4973452003514267
2333,0.5026547996485733
2334,-0.7473452003514267
2335,-0.21163091463714112
2336,0.08598813298190677
2337,-0.4973452003514267
2338,-0.8306785336847602
2340,-1.4973452003514267
2342,0.5026547996485733
2344,-0.3544880574942839
2346,0.3026547996485731
2347,-2.4973452003514267
2348,0.5026547996485733
2349,0.3026547996485731
2350,0.0026547996485732916
2351,0.8359881329819063
2352,0.4359881329819064
2353,-0.11639281939904578
2354,-1.4973452003514267
2355,0.1693214663152398
2356,-2.4973452003514267
2357,0.8359881329819063
2359,-0.04279974580597212
2360,0.7526547996485733
2361,-1.1640118670180932
2362,0.5026547996485733
2363,-1.4973452003514267
2364,-1.9973452003514267
2365,-0.9973452003514267
2366,0.1693214663152398
2367,-0.7830594860657123
2368,-1.4973452003514267
2369,-0.6640118670180932
2370,-0.4973452003514267
2371,-0.7473452003514267
2372,-1.3306785336847602
2373,-1.2973452003514265
2374,-0.4973452003514267
2375,-0.6402023432085695
2376,-0.06877377177999833
2377,-1.1640118670180932
2378,0.0026547996485732916
2379,-1.6973452003514267
2380,-1.4973452003514267
2381,-1.4973452003514267
2382,-0.9973452003514267
2383,-1.9973452003514267
2384,-0.4064361094423359
2385,-0.4973452003514267
2387,-0.13370883671506295
2389,-1.4973452003514267
2390,0.3026547996485731
2391,0.1901547996485733
2392,-1.1640118670180932
2393,-0.0973452003514268
2394,0.0026547996485732916
2395,0.4359881329819064
2396,0.5282958252895988
2398,0.5026547996485733
2399,-1.1640118670180932
2400,-0.4973452003514267
2401,-0.4973452003514267
2402,-1.052900755906982
2403,0.048109345103118706
2404,-1.9259166289228553
2405,-0.9973452003514267
2406,-0.1402023432085695
2407,-0.12892414771984795
2408,-1.4973452003514267
2409,-0.21163091463714112
2410,-1.1640118670180932
2411,-1.4204221234283496
2412,-1.9417896447958711
2413,-0.3306785336847602
2414,-0.0973452003514268
2415,-0.4973452003514267
2416,-0.4973452003514267
2417,-2.4973452003514267
2418,-0.8306785336847602
2419,0.5026547996485733
2420,-0.2751229781292044
2421,-1.1896528926591192
2422,-1.8973452003514266
2423,0.048109345103118706
2424,-0.08067853368476019
2425,0.5026547996485733
2427,0.1693214663152398
2428,-1.354488057494284
2429,-0.8306785336847602
2430,-0.7473452003514267
2431,-0.6640118670180932
2433,-0.4973452003514267
2435,0.5026547996485733
2436,0.9026547996485736
2439,0.0026547996485732916
2443,-0.4973452003514267
2445,-0.4973452003514267
2446,-1.4973452003514267
2447,0.0026547996485732916
2448,-0.4973452003514267
2450,-1.1973452003514269
2451,-0.4973452003514267
2453,-1.4973452003514267
2454,-0.21163091463714112
2455,0.03206656435445554
2456,-1.0973452003514268
2457,-0.0973452003514268
2458,-0.2473452003514267
2459,0.10265479964857338
2460,-0.9973452003514267
2462,-0.4973452003514267
2463,-0.12234520035142671
2465,-1.9973452003514267
2467,0.0026547996485732916
2468,-1.6640118670180934
2469,-0.7473452003514267
2470,-0.3973452003514266
2471,-0.7973452003514265
2472,0.0026547996485732916
2473,-1.0973452003514268
2474,-0.05290075590698207
2475,0.1693214663152398
2476,0.07408337107714491
2477,-0.16401186701809323
2478,-0.13370883671506295
2482,-0.4973452003514267
2485,-0.7973452003514265
2488,1.5026547996485733
2490,-0.14951911339490476
2491,0.5026547996485733
2492,-0.8973452003514266
2493,0.5026547996485733
2494,0.5026547996485733
2496,-0.4973452003514267
2497,-0.4973452003514267
2498,-1.9973452003514267
2500,-1.4973452003514267
2501,0.5026547996485733
2502,0.8151547996485733
2504,0.0026547996485732916
2505,-0.6402023432085695
2506,-0.4973452003514267
2511,1.1693214663152403
2512,1.5026547996485733
2513,-0.7473452003514267
2517,0.1693214663152398
2518,-0.6640118670180932
2520,-0.4973452003514267
2521,0.0026547996485732916
2522,0.5026547996485733
2523,-0.4973452003514267
2524,0.07408337107714491
2525,-2.4973452003514267
2526,-0.9973452003514267
2527,-0.13370883671506295
2528,-0.3640118670180934
2529,0.46265479964857326
2530,-0.8609815639877905
2531,-0.6223452003514267
2532,-0.4973452003514267
2533,-0.7473452003514267
2534,-0.4973452003514267
2535,-0.8306785336847602
2537,-2.4973452003514267
2538,-2.4973452003514267
2539,-0.19734520035142689
2540,-0.4973452003514267
2541,-0.4973452003514267
2542,0.7169405139342877
2544,-0.4973452003514267
2546,0.5026547996485733
2548,-1.83067853368476
2549,-0.16401186701809323
2550,0.7026547996485735
2551,0.3026547996485731
2552,-1.4973452003514267
2553,-0.4973452003514267
2554,-1.4973452003514267
2555,-1.9973452003514267
2558,-1.2473452003514267
2560,-0.7473452003514267
2561,-0.9973452003514267
2563,0.5026547996485733
2565,0.7526547996485733
2566,-1.4973452003514267
2567,-0.4973452003514267
2568,-0.8973452003514266
2570,-0.29734520035142653
2571,0.8872701842639583
2572,-0.2473452003514267
2573,-2.4973452003514267
2574,-1.2973452003514265
2575,0.5026547996485733
2577,-0.4973452003514267
2579,0.5026547996485733
2580,0.6526547996485736
2581,-0.7473452003514267
2582,1.5026547996485733
2583,0.5026547996485733
2585,0.5026547996485733
2586,-0.4973452003514267
2587,-0.4973452003514267
2593,0.0026547996485732916
2594,1.5026547996485733
2596,1.1693214663152403
2597,-0.4973452003514267
2598,-0.6402023432085695
2599,0.4193214663152398
2600,0.5026547996485733
2605,-0.8131346740356373
2606,-1.1640118670180932
2607,0.0026547996485732916
2609,0.5026547996485733
2613,0.1693214663152398
2614,-2.4973452003514267
2615,-0.9973452003514267
2616,-1.035806738812965
2617,-0.5390118670180932
2618,-0.4973452003514267
2620,-0.4973452003514267
2622,-0.21163091463714112
2623,-2.4973452003514267
2624,1.5026547996485733
2628,-0.13734520035142683
2629,-1.4973452003514267
2630,0.0026547996485732916
2633,0.5026547996485733
2634,-0.4973452003514267
2639,0.0026547996485732916
2640,0.3026547996485731
2641,-0.5806785336847602
2642,-1.2751229781292044
2643,-1.83067853368476
2644,0.1693214663152398
2648,0.10265479964857338
2652,-0.4973452003514267
2654,0.5026547996485733
2655,-1.4973452003514267
2657,-0.5499767792987953
2659,-1.4973452003514267
2660,0.0026547996485732916
2662,-0.3544880574942839
2664,-0.4973452003514267
2665,-2.4973452003514267
2668,-0.6973452003514269
2669,0.0026547996485732916
2670,0.2526547996485733
2671,0.1276547996485733
2672,-0.6640118670180932
2676,-0.4973452003514267
2677,1.5026547996485733
2681,-0.4973452003514267
2682,0.5026547996485733
2683,-0.030678533684759923
2686,0.5026547996485733
2687,0.1276547996485733
2688,-0.8723452003514267
2690,0.7526547996485733
2692,0.8915436885374626
2693,0.5026547996485733
2694,-0.43067853368475983
2695,-1.4973452003514267
2696,1.5026547996485733
2699,-0.5973452003514268
2700,0.3359881329819068
2701,-1.6848452003514267
2702,0.10265479964857338
2706,0.09524739224116585
2707,-0.29734520035142653
2708,0.5026547996485733
2709,-0.6640118670180932
2710,-0.6738157885867206
2712,-0.37969814152789727
2713,-1.2473452003514267
2716,0.4500232207012047
2717,-1.0806785336847602
2718,-0.2473452003514267
2719,-1.6640118670180934
2720,-1.6402023432085695
2722,-0.8306785336847602
2723,-0.4064361094423359
2724,-0.4973452003514267
2725,-1.4973452003514267
2726,0.7526547996485733
2727,-0.4973452003514267
2728,0.1693214663152398
2729,0.1693214663152398
2730,0.0026547996485732916
2731,0.7883690853628589
2732,1.5026547996485733
2733,-1.4973452003514267
2734,-0.06877377177999833
2735,-0.7830594860657123
2736,0.1693214663152398
2737,0.5026547996485733
2738,0.5026547996485733
2739,-0.16401186701809323
2740,-2.4973452003514267
2741,-1.4973452003514267
2742,-2.4973452003514267
2743,-0.4973452003514267
2744,0.5026547996485733
2745,0.0026547996485732916
2746,-0.26657596958219587
2747,-0.2473452003514267
2748,-1.4973452003514267
2749,0.5026547996485733
2750,-0.4973452003514267
2751,0.5026547996485733
2752,-0.4973452003514267
2754,-2.4973452003514267
2759,0.2526547996485733
2761,0.7883690853628589
2762,0.6977767508680857
2763,0.028970589122257362
2764,1.0026547996485733
2765,-0.4973452003514267
2766,-0.4973452003514267
2769,0.2526547996485733
2770,-0.5449642479704742
2771,0.0026547996485732916
2772,-1.0973452003514268
2775,-2.4973452003514267
2779,-0.12234520035142671
2782,0.5026547996485733
2786,-1.83067853368476
2787,-0.9973452003514267
2788,-0.16401186701809323
2789,-1.4973452003514267
2790,-2.4973452003514267
2791,0.613765910759684
2792,-0.4973452003514267
2793,-1.2973452003514265
2794,-0.7830594860657123
2795,0.28043257742635097
2796,-1.354488057494284
2797,0.3302410065451249
2798,-1.9973452003514267
2799,-1.4973452003514267
2802,-0.4973452003514267
2803,-0.9973452003514267
2804,0.8526547996485729
2805,-0.7830594860657123
2806,-0.8973452003514266
2808,-1.8973452003514266
2812,-0.4973452003514267
2813,-2.4973452003514267
2815,-1.2973452003514265
2816,-2.4973452003514267
2817,-1.4973452003514267
2818,-2.4973452003514267
2819,0.3776547996485733
2820,0.5026547996485733
2822,0.2526547996485733
2824,1.5026547996485733
2826,-0.9973452003514267
2827,-1.7473452003514267
2828,-1.9973452003514267
2829,0.0026547996485732916
2835,-2.4973452003514267
2836,1.5026547996485733
2837,-0.4973452003514267
2839,0.5026547996485733
2840,-1.0973452003514268
2841,0.0026547996485732916
2843,0.5026547996485733
2844,-2.4973452003514267
2846,-0.4973452003514267
2848,0.5026547996485733
2851,-0.8306785336847602
2852,0.5026547996485733
2856,-0.4973452003514267
2857,-0.16401186701809323
2858,0.8662911632849366
2859,0.0026547996485732916
2860,-0.8306785336847602
2861,0.10265479964857338
2862,-2.4973452003514267
2863,-0.0973452003514268
2865,0.5026547996485733
2866,0.1693214663152398
2867,0.2169405139342877
2868,-2.4973452003514267
2870,-0.3306785336847602
2871,0.7026547996485735
2872,0.6693214663152403
2874,0.5026547996485733
2875,-0.4973452003514267
2876,-1.4973452003514267
2877,-0.16401186701809323
2878,-1.4973452003514267
2879,-0.4973452003514267
2880,-1.4973452003514267
2881,-0.4973452003514267
2882,-2.4973452003514267
2883,-0.2473452003514267
2885,-1.4973452003514267
2886,-2.4973452003514267
2887,-2.4973452003514267
2888,-0.4973452003514267
2889,0.5026547996485733
2890,0.20853715258974992
2891,-0.4973452003514267
2892,-2.4973452003514267
2893,-0.4973452003514267
2894,0.5026547996485733
2896,-0.4973452003514267
2898,-1.4973452003514267
2899,-0.4973452003514267
2900,-0.9973452003514267
2901,-0.9973452003514267
2902,-0.4973452003514267
2903,-0.4973452003514267
2906,-1.4973452003514267
2907,1.0026547996485733
2908,0.0026547996485732916
2912,0.6693214663152403
2915,0.18447298146675495
2916,0.1359881329819066
2917,0.5026547996485733
2918,0.5026547996485733
2919,0.3026547996485731
2921,0.9026547996485736
2922,0.2526547996485733
2924,1.1693214663152403
2925,1.5026547996485733
2926,-0.2473452003514267
2928,0.0026547996485732916
2929,-0.4973452003514267
2932,0.5026547996485733
2935,1.0026547996485733
2936,0.8359881329819063
2937,1.0026547996485733
2940,0.5026547996485733
2941,0.3597976567914305
2942,-1.3306785336847602
2943,1.0026547996485733
2944,0.5795778765716499
2946,-0.16401186701809323
2947,0.22992752692130036
2948,0.23598813298190668
2949,0.04111633811011162
2950,-0.8306785336847602
2951,0.2526547996485733
2952,0.5026547996485733
2953,-1.4973452003514267
2956,-0.4973452003514267
2959,0.7826547996485735
2961,-1.0973452003514268
2964,-2.4973452003514267
2965,-1.4973452003514267
2966,0.3026547996485731
2967,0.5026547996485733
2968,0.3026547996485731
2969,1.5026547996485733
2970,-0.4973452003514267
2971,0.5026547996485733
2972,1.5026547996485733
2973,0.3026547996485731
2975,-0.4973452003514267
2976,-0.2473452003514267
2977,-0.4973452003514267
2978,-0.9973452003514267
2979,-0.4973452003514267
2982,-1.4973452003514267
2983,0.5026547996485733
2985,0.06787219095292096
2986,-1.2751229781292044
2987,0.1155580254550248
2988,0.5026547996485733
2989,-0.16401186701809323
2990,-0.2751229781292044
2991,0.6276547996485733
2993,-0.2751229781292044
2995,-1.7473452003514267
2996,-0.4973452003514267
2997,0.7426547996485735
3000,1.0026547996485733
3002,0.5026547996485733
3004,-1.6973452003514267
3005,-1.133708836715063
3006,0.3026547996485731
3007,-0.4973452003514267
3008,0.5026547996485733
3011,-0.4973452003514267
3014,-1.4973452003514267
3015,0.0026547996485732916
3016,-0.4973452003514267
3017,-0.9973452003514267
3018,-0.8306785336847602
3019,1.1693214663152403
3020,-0.38623408924031555
3021,-1.4973452003514267
3022,1.5026547996485733
3024,-1.1640118670180932
3028,-0.9973452003514267
3029,-0.4973452003514267
3030,1.2526547996485733
3031,-1.4973452003514267
3032,0.2526547996485733
3033,-0.19734520035142689
3034,0.13901843601220953
3035,0.5026547996485733
3036,0.5026547996485733
3037,0.684472981466755
3038,1.5026547996485733
3039,0.1693214663152398
3040,0.7526547996485733
3041,-2.4973452003514267
3042,-0.9973452003514267
3043,-2.4973452003514267
3044,0.39154368853746213
3045,1.0026547996485733
3046,1.0026547996485733
3048,-1.4973452003514267
3051,-0.4973452003514267
3052,-0.3640118670180934
3053,0.3026547996485731
3054,-1.4973452003514267
3055,0.5026547996485733
3056,0.5026547996485733
3057,0.5026547996485733
3060,0.5026547996485733
3061,0.2526547996485733
3062,0.3359881329819068
3063,-1.4973452003514267
3064,-1.1640118670180932
3066,0.7026547996485735
3067,0.0026547996485732916
3068,1.5026547996485733
3070,0.1693214663152398
3071,0.0026547996485732916
3072,0.3026547996485731
3073,1.5026547996485733
3074,1.5026547996485733
3075,1.5026547996485733
3076,-0.4973452003514267
3078,0.5026547996485733
3079,-0.4973452003514267
3081,0.1693214663152398
3082,-0.43067853368475983
3083,1.0026547996485733
3086,1.5026547996485733
3087,-0.8609815639877905
3088,0.5026547996485733
3089,1.0026547996485733
3090,0.5026547996485733
3091,0.5026547996485733
3093,1.5026547996485733
3095,0.7526547996485733
3096,1.5026547996485733
3097,1.0026547996485733
3098,0.1693214663152398
3099,0.0026547996485732916
3100,0.5026547996485733
3101,-0.3640118670180934
3102,0.1693214663152398
3103,-1.4973452003514267
3104,0.34880864580241955
3105,0.1693214663152398
3106,-2.4973452003514267
3107,-0.06877377177999833
3108,0.06515479964857329
3109,0.0026547996485732916
3111,0.8359881329819063
3112,-0.4973452003514267
3113,-0.8973452003514266
3114,0.6455119425057165
3115,0.1693214663152398
3117,0.1693214663152398
3120,0.5026547996485733
3125,0.5026547996485733
3127,-0.9973452003514267
3129,0.5026547996485733
3130,-0.7473452003514267
3132,-1.4973452003514267
3134,0.5026547996485733
3135,0.0026547996485732916
3138,-0.4973452003514267
3141,-2.4973452003514267
3142,-0.4973452003514267
3143,-0.4973452003514267
3145,0.5026547996485733
3146,-0.6402023432085695
3147,0.780432577426351
3148,0.2526547996485733
3150,0.5026547996485733
3152,1.1693214663152403
3153,1.5026547996485733
3155,1.0026547996485733
3156,-1.4973452003514267
3157,-0.6223452003514267
3158,0.0026547996485732916
3159,0.3359881329819068
3160,-0.1848452003514267
3161,-1.4973452003514267
3162,-0.4973452003514267
3163,1.5026547996485733
3165,-1.4973452003514267
3167,-0.16401186701809323
3168,-0.04279974580597212
3169,0.0026547996485732916
3173,-0.38623408924031555
3174,-0.2306785336847601
3175,0.2602305572243311
3176,-0.3544880574942839
3177,-0.4973452003514267
3178,0.2526547996485733
3179,-0.4973452003514267
3181,0.5026547996485733
3182,-0.4973452003514267
3183,-0.4973452003514267
3185,-0.4973452003514267
3186,-0.0973452003514268
3189,0.2526547996485733
3190,-0.9973452003514267
3192,-0.4973452003514267
3194,-0.4973452003514267
3196,0.0026547996485732916
3197,-0.4973452003514267
3198,0.7026547996485735
3200,0.5026547996485733
3201,1.5026547996485733
3203,-0.05290075590698207
3204,0.5026547996485733
3206,-1.1640118670180932
3208,-1.2116309146371411
3210,0.04111633811011162
3213,0.7526547996485733
3214,0.0026547996485732916
3217,0.0026547996485732916
3219,-0.6640118670180932
3221,0.5026547996485733
3223,-0.4973452003514267
3224,1.5026547996485733
3225,-1.83067853368476
3230,0.5026547996485733
3235,1.5026547996485733
3238,-2.1640118670180932
3240,0.5026547996485733
3241,1.5026547996485733
3243,-1.0687737717799983
3244,0.5026547996485733
3246,1.1693214663152403
3247,-0.4140118670180932
3248,-1.3306785336847602
3249,-0.4973452003514267
3250,0.0026547996485732916
3251,0.2526547996485733
3252,0.5026547996485733
3253,0.028970589122257362
3254,-0.4973452003514267
3255,-0.05290075590698207
3256,-0.05290075590698207
3257,-0.7281144311206575
3258,-0.9259166289228551
3259,-0.4973452003514267
3260,0.5026547996485733
3261,-0.16401186701809323
3262,0.0026547996485732916
3263,-0.4064361094423359
3264,-1.4973452003514267
3265,0.2526547996485733
3266,1.5026547996485733
3267,-0.0973452003514268
3268,-2.297345200351427
3269,-0.8050375080437342
3270,-1.1640118670180932
3271,0.7526547996485733
3272,-0.29734520035142653
3273,-0.19734520035142689
3274,0.0026547996485732916
3275,1.5026547996485733
3276,-2.4973452003514267
3281,-1.4973452003514267
3283,-1.4973452003514267
3285,-0.6402023432085695
3286,-1.4973452003514267
3287,-0.4973452003514267
3296,0.5026547996485733
3298,0.10265479964857338
3299,-0.8306785336847602
3300,0.10265479964857338
3301,-0.05984520035142671
3302,1.5026547996485733
3303,1.5026547996485733
3307,-1.4973452003514267
3308,-0.4973452003514267
3313,-1.9973452003514267
3316,-1.2973452003514265
3317,0.07408337107714491
3323,0.5026547996485733
3324,-2.1640118670180932
3325,-1.9973452003514267
3326,-0.4973452003514267
3327,0.5026547996485733
3328,0.9312262282200021
3329,0.5026547996485733
3330,0.5026547996485733
3331,-1.4973452003514267
3334,1.0026547996485733
3341,0.5026547996485733
3342,0.5026547996485733
3344,0.5026547996485733
3345,-0.4973452003514267
3347,0.5026547996485733
3350,0.5026547996485733
3354,-0.29734520035142653
3355,0.1693214663152398
3357,0.5026547996485733
3358,0.6455119425057165
3359,0.7026547996485735
3360,0.2526547996485733
3361,0.1526547996485732
3362,0.5026547996485733
3363,0.3597976567914305
3365,1.0026547996485733
3368,-0.4973452003514267
3370,-0.9973452003514267
3372,0.5026547996485733
3374,0.5026547996485733
3378,0.5026547996485733
3384,0.8359881329819063
3385,0.1693214663152398
3386,0.13901843601220953
3387,-0.4973452003514267
3388,-1.3306785336847602
3389,-1.4973452003514267
3390,-1.4973452003514267
3391,-1.4973452003514267
3392,-0.4973452003514267
3393,-2.1640118670180932
3394,-1.2116309146371411
3395,-0.4973452003514267
3396,0.2169405139342877
3397,0.07408337107714491
3398,0.5026547996485733
3400,-0.4973452003514267
3401,-1.2473452003514267
3402,0.5026547996485733
3403,0.5026547996485733
3404,0.7026547996485735
3405,-0.4973452003514267
3406,-1.4973452003514267
3408,0.08160216806962595
3409,0.07408337107714491
3410,0.5026547996485733
3412,-0.4973452003514267
3414,0.5026547996485733
3415,0.5026547996485733
3417,-0.4973452003514267
3418,0.1276547996485733
3420,-0.4973452003514267
3421,-0.05290075590698207
3422,-0.4973452003514267
3424,0.5026547996485733
3425,-0.16401186701809323
3426,0.0026547996485732916
3428,-0.4973452003514267
3429,1.0026547996485733
3430,-0.8306785336847602
3431,-1.4973452003514267
3432,-1.9973452003514267
3433,-2.4973452003514267
3434,-2.4973452003514267
3435,1.2526547996485733
3436,0.2526547996485733
3438,-0.8306785336847602
3439,-0.9973452003514267
3440,-1.1640118670180932
3441,-0.2751229781292044
3442,-2.4973452003514267
3444,-0.9973452003514267
3445,0.0026547996485732916
3446,0.5026547996485733
3447,0.5026547996485733
3448,0.5651547996485733
3449,0.5026547996485733
3450,-0.31552701853324505
3451,1.2526547996485733
3452,-0.6402023432085695
3453,-0.4973452003514267
3454,-1.4973452003514267
3459,0.5026547996485733
3461,0.1693214663152398
3462,0.5026547996485733
3466,-0.4973452003514267
3467,0.5026547996485733
3468,0.7883690853628589
3469,1.0026547996485733
3470,0.5026547996485733
3471,0.3151547996485733
3473,1.5026547996485733
3474,0.5026547996485733
3475,1.5026547996485733
3476,0.0026547996485732916
3477,-0.2473452003514267
3478,-0.4973452003514267
3479,-0.13370883671506295
3480,-0.4973452003514267
3481,0.10265479964857338
3483,-0.6640118670180932
3484,-0.8973452003514266
3489,-0.4140118670180932
3492,0.5026547996485733
3494,0.5026547996485733
3496,1.5026547996485733
3497,-1.1640118670180932
3498,1.0026547996485733
3499,1.102654799648573
3500,-0.4973452003514267
3501,-1.9973452003514267
3502,-1.4973452003514267
3503,0.7026547996485735
3504,0.4026547996485732
3505,0.0026547996485732916
3506,-0.4973452003514267
3507,0.7883690853628589
3508,0.8026547996485731
3510,0.5026547996485733
3511,-0.4973452003514267
3512,0.0026547996485732916
3513,-0.29734520035142653
3514,-0.4973452003514267
3515,0.10265479964857338
3516,0.0026547996485732916
3519,-0.4973452003514267
3521,0.5026547996485733
3524,-0.4973452003514267
3525,-0.6973452003514269
3526,0.2526547996485733
3527,-0.04279974580597212
3528,-0.9973452003514267
3529,-0.4973452003514267
3531,1.5026547996485733
3534,-0.29734520035142653
3535,-0.719567422573649
3536,-0.2751229781292044
3537,0.5026547996485733
3538,-0.16401186701809323
3539,0.5026547996485733
3543,0.4026547996485732
3544,-1.1640118670180932
3545,-1.4973452003514267
3546,0.5026547996485733
3548,0.0026547996485732916
3549,0.8359881329819063
3550,0.1693214663152398
3551,0.0026547996485732916
3552,0.635988132981907
3554,-0.4973452003514267
3555,-0.21163091463714112
3556,0.5026547996485733
3557,-0.4973452003514267
3559,0.0026547996485732916
3564,-2.4973452003514267
3565,0.0026547996485732916
3566,-1.2473452003514267
3567,1.5026547996485733
3568,0.5026547996485733
3571,0.5026547996485733
3572,-1.4973452003514267
3573,-1.9973452003514267
3574,-2.4973452003514267
3576,0.1693214663152398
3577,-1.4973452003514267
3578,0.5026547996485733
3580,0.0026547996485732916
3581,-0.4973452003514267
3584,-1.4973452003514267
3586,0.5026547996485733
3590,-1.4973452003514267
3591,-0.8723452003514267
3593,-1.4973452003514267
3594,0.0026547996485732916
3596,-2.4973452003514267
3597,-1.4973452003514267
3598,-0.4973452003514267
3599,0.5026547996485733
3606,1.5026547996485733
3608,-0.8609815639877905
3614,-0.4973452003514267
3615,-0.3306785336847602
3616,-0.16401186701809323
3617,0.0026547996485732916
3618,0.10265479964857338
3619,-1.4973452003514267
3622,-0.4973452003514267
3623,-0.8609815639877905
3624,0.1949624919562658
3625,-1.4973452003514267
3626,0.0026547996485732916
3627,-0.4973452003514267
3628,-0.4973452003514267
3629,0.5026547996485733
3632,0.5026547996485733
3633,-0.4973452003514267
3634,0.5026547996485733
3635,-0.4973452003514267
3637,1.5026547996485733
3638,-0.7700724730786996
3639,-0.12234520035142671
3643,0.0026547996485732916
3646,-0.7473452003514267
3649,-0.8973452003514266
3654,0.3776547996485733
3655,1.5026547996485733
3658,-0.4973452003514267
3660,-1.4973452003514267
3661,-0.4973452003514267
3662,-0.4973452003514267
3663,-1.4973452003514267
3664,-1.4973452003514267
3667,-2.4973452003514267
3668,0.3359881329819068
3671,0.4026547996485732
3672,0.5026547996485733
3673,1.0026547996485733
3674,0.5026547996485733
3675,0.5026547996485733
3676,0.5026547996485733
3678,1.5026547996485733
3681,0.6276547996485733
3682,0.0026547996485732916
3683,0.5026547996485733
3684,-0.4973452003514267
3685,0.5026547996485733
3686,-0.3306785336847602
3688,-0.7473452003514267
3689,-2.1640118670180932
3690,-1.4973452003514267
3691,-0.4973452003514267
3692,-0.4973452003514267
3693,-1.2973452003514265
3694,-1.4973452003514267
3695,-1.4973452003514267
3696,-1.4973452003514267
3697,-0.7830594860657123
3698,-0.4204221234283496
3699,-0.12234520035142671
3701,-0.3723452003514267
3702,-0.0855804944690739
3703,0.6791253878838677
3704,-0.16401186701809323
3705,-1.2973452003514265
3706,-0.8306785336847602
3707,-0.7473452003514267
3708,-0.6973452003514269
3710,-1.83067853368476
3711,0.5026547996485733
3712,-0.4973452003514267
3713,0.5026547996485733
3715,0.5026547996485733
3716,-2.4973452003514267
3717,-0.1444040238808384
3719,-0.4973452003514267
3723,1.0026547996485733
3724,-0.16401186701809323
3725,-0.4973452003514267
3726,-0.4973452003514267
3727,1.0026547996485733
3728,0.1693214663152398
3729,1.0026547996485733
3730,1.102654799648573
3731,-0.4973452003514267
3732,-0.4973452003514267
3733,0.5026547996485733
3735,0.3776547996485733
3737,0.5026547996485733
3738,0.5026547996485733
3740,0.3359881329819068
3741,0.1693214663152398
3742,0.8359881329819063
3743,-0.9973452003514267
3744,-0.9417896447958714
3745,-0.16401186701809323
3746,1.5026547996485733
3747,0.0026547996485732916
3751,-0.06877377177999833
3752,-0.3306785336847602
3753,-0.16401186701809323
3754,-0.9973452003514267
3755,0.1693214663152398
3756,0.5026547996485733
3758,0.5026547996485733
3760,0.5026547996485733
3761,0.5026547996485733
3763,-0.4973452003514267
3764,-1.1640118670180932
3765,-0.4973452003514267
3766,-1.83067853368476
3767,-2.4973452003514267
3768,-2.4973452003514267
3769,-0.16401186701809323
3770,-0.8306785336847602
3771,0.5026547996485733
3773,-0.4973452003514267
3774,-2.4973452003514267
3783,0.7526547996485733
3784,-0.4973452003514267
3785,-0.4973452003514267
3786,-1.4973452003514267
3787,0.5026547996485733
3788,0.0026547996485732916
3790,0.5026547996485733
3791,-0.3723452003514267
3792,1.5026547996485733
3793,0.1605495364906786
3794,-0.9973452003514267
3795,1.5026547996485733
3797,-0.9973452003514267
3798,-0.3973452003514266
3799,-1.9973452003514267
3801,0.5026547996485733
3802,-1.4973452003514267
3806,-0.4973452003514267
3807,-0.4973452003514267
3809,-0.16401186701809323
3810,-0.4973452003514267
3811,0.5026547996485733
3812,-0.29734520035142653
3813,1.0026547996485733
3814,0.1693214663152398
3819,0.5026547996485733
3821,0.0026547996485732916
3823,0.5026547996485733
3824,-0.7473452003514267
3825,-0.4973452003514267
3826,-1.3973452003514266
3827,-0.6640118670180932
3831,0.7026547996485735
3832,0.5026547996485733
3833,-1.9973452003514267
3834,-0.4973452003514267
3835,-1.2473452003514267
3836,0.7526547996485733
3837,-2.4973452003514267
3839,-2.4973452003514267
3840,-1.4973452003514267
3841,1.5026547996485733
3844,-0.16401186701809323
3846,-0.4973452003514267
3847,-1.4973452003514267
3849,0.5026547996485733
3851,1.5026547996485733
3852,-0.4973452003514267
3855,1.5026547996485733
3858,0.5026547996485733
3861,-0.7473452003514267
3862,0.0026547996485732916
3863,-0.4140118670180932
3864,-0.9973452003514267
3868,-0.4973452003514267
3869,-0.16401186701809323
3870,-0.4973452003514267
3871,0.5026547996485733
3873,-0.29734520035142653
3877,-1.0687737717799983
3879,-2.4973452003514267
3882,-0.6402023432085695
3884,-1.4973452003514267
3888,0.5026547996485733
3889,-1.4973452003514267
3893,-0.11272981573604213
3894,0.5026547996485733
3895,-2.4973452003514267
3896,-1.1640118670180932
3897,0.4438312702368088
3899,-2.4973452003514267
3900,0.5026547996485733
3901,-0.4973452003514267
3906,-0.4973452003514267
3908,-2.4973452003514267
3909,-1.4973452003514267
3910,0.9312262282200021
3911,0.2169405139342877
3912,-0.9973452003514267
3914,0.5026547996485733
3915,0.5026547996485733
3916,0.3776547996485733
3917,-1.1640118670180932
3918,-0.4973452003514267
3922,-2.4973452003514267
3925,0.7526547996485733
3926,-0.4973452003514267
3927,-0.8306785336847602
3928,0.5026547996485733
3929,-1.4973452003514267
3930,-1.4973452003514267
3932,-0.4973452003514267
3937,-0.4973452003514267
3939,1.5026547996485733
3940,1.5026547996485733
3941,1.5026547996485733
3942,1.5026547996485733
3943,0.0026547996485732916
3946,-1.2473452003514267
3947,-1.4973452003514267
3948,0.1276547996485733
3949,0.7026547996485735
3950,0.2526547996485733
3951,1.5026547996485733
3952,-0.4973452003514267
3953,-1.4973452003514267
3955,-1.9973452003514267
3957,-0.9973452003514267
3958,-1.4973452003514267
3959,0.0026547996485732916
3963,0.5026547996485733
3964,-0.4973452003514267
3967,0.1276547996485733
3968,-0.8306785336847602
3969,0.1693214663152398
3971,-0.9973452003514267
3972,0.6026547996485729
3973,-2.4973452003514267
3974,-0.4973452003514267
3977,-0.4973452003514267
3978,-0.29734520035142653
3979,-0.8306785336847602
3980,-0.8306785336847602
3981,-1.2973452003514265
3983,0.2526547996485733
3984,0.2526547996485733
3985,-0.29734520035142653
3986,-1.1640118670180932
3987,-0.4973452003514267
3988,-0.29734520035142653
3990,-1.4973452003514267
3991,-1.4973452003514267
3992,0.0026547996485732916
3993,-0.9973452003514267
3994,-0.0973452003514268
3996,0.684472981466755
3997,-1.4973452003514267
3998,-0.29734520035142653
3999,-1.7473452003514267
4000,-0.4973452003514267
4002,0.7248770218707956
4003,0.0026547996485732916
4005,-0.7473452003514267
4006,-0.16401186701809323
4007,0.0026547996485732916
4008,-0.0973452003514268
4009,-0.4973452003514267
4010,-0.2473452003514267
4011,0.8872701842639583
4012,-0.8306785336847602
4014,-0.4973452003514267
4015,-0.4973452003514267
4016,0.2526547996485733
4017,0.1693214663152398
4018,-0.21163091463714112
4019,0.05821035520412865
4020,-0.29734520035142653
4021,1.5026547996485733
4022,0.2921284838590994
4023,0.3359881329819068
4024,-1.4973452003514267
4025,-0.34349904650527296
4027,0.5026547996485733
4029,0.5026547996485733
4030,-1.9973452003514267
4031,-0.9973452003514267
4032,0.5026547996485733
4033,0.6693214663152403
4034,0.5614783290603378
4035,-0.4973452003514267
4036,-0.4973452003514267
4037,0.1693214663152398
4039,0.2526547996485733
4040,-1.9973452003514267
4041,-0.16401186701809323
4042,0.0026547996485732916
4043,-0.4973452003514267
4047,0.1693214663152398
4052,-0.4973452003514267
4053,-0.9973452003514267
4054,-0.8306785336847602
4055,-0.4973452003514267
4056,-0.4973452003514267
4061,1.5026547996485733
4062,0.5026547996485733
4063,-0.8306785336847602
4066,0.5026547996485733
4067,0.5026547996485733
4068,-0.4973452003514267
4069,-0.4973452003514267
4074,-0.4973452003514267
4077,1.0026547996485733
4078,0.5026547996485733
4080,-0.4973452003514267
4081,-1.9973452003514267
4082,-1.4973452003514267
4083,0.5026547996485733
4084,-0.6402023432085695
4085,0.0026547996485732916
4086,0.1693214663152398
4089,-1.4973452003514267
4090,-0.4973452003514267
4091,-0.4973452003514267
4092,-1.4973452003514267
4102,0.0026547996485732916
4103,1.5026547996485733
4104,-2.4973452003514267
4105,0.5026547996485733
4109,-2.4973452003514267
4110,-0.4973452003514267
4111,-0.4973452003514267
4113,0.5026547996485733
4115,-1.4973452003514267
4116,1.5026547996485733
4117,0.8359881329819063
4121,0.0026547996485732916
4123,-1.4973452003514267
4124,-2.4973452003514267
4125,-2.4973452003514267
4126,-0.4973452003514267
4127,-1.4973452003514267
4128,0.28043257742635097
4129,-2.4973452003514267
4130,-1.9973452003514267
4131,-2.4973452003514267
4132,-0.8973452003514266
4133,-0.7473452003514267
4138,-2.4973452003514267
4139,-0.4973452003514267
4141,-0.4973452003514267
4142,0.5026547996485733
4144,0.0026547996485732916
4146,-2.4973452003514267
4147,0.5026547996485733
4148,-1.1640118670180932
4149,-1.4973452003514267
4153,-0.8306785336847602
4154,0.5026547996485733
4155,-1.4973452003514267
4156,-1.4973452003514267
4157,0.5026547996485733
4159,-1.2473452003514267
4160,0.0026547996485732916
4161,0.1693214663152398
4164,-0.4973452003514267
4166,-0.9973452003514267
4167,-0.4973452003514267
4168,-0.4973452003514267
4174,-0.4973452003514267
4175,0.5026547996485733
4178,0.5026547996485733
4180,1.5026547996485733
4187,0.5026547996485733
4190,0.5026547996485733
4193,0.5026547996485733
4198,-0.4973452003514267
4203,-0.2473452003514267
4204,-2.4973452003514267
4205,-0.4973452003514267
4207,-1.4973452003514267
4210,0.5026547996485733
4211,0.5026547996485733
4212,-0.4973452003514267
4214,-0.9973452003514267
4215,-1.9973452003514267
4219,-0.4973452003514267
4220,0.5026547996485733
4221,-0.8306785336847602
4223,-0.12234520035142671
4224,-0.4973452003514267
4225,0.7526547996485733
4226,0.7526547996485733
4228,-1.4973452003514267
4229,-0.4973452003514267
4231,-0.4973452003514267
4232,-0.6223452003514267
4233,-0.9973452003514267
4234,-0.2473452003514267
4235,0.5026547996485733
4237,0.5026547996485733
4238,-0.4973452003514267
4239,0.05821035520412865
4241,-2.4973452003514267
4242,-1.4973452003514267
4243,0.5026547996485733
4246,0.9470992440930179
4247,-1.4973452003514267
4248,0.5026547996485733
4252,-0.4973452003514267
4254,-1.4973452003514267
4255,-3.4973452003514267
4256,-0.4973452003514267
4259,0.0026547996485732916
4260,-1.4973452003514267
4262,0.7026547996485735
4263,0.5026547996485733
4265,-0.8306785336847602
4267,-0.4973452003514267
4268,-0.9973452003514267
4270,-0.7473452003514267
4273,1.0026547996485733
4275,-0.4973452003514267
4276,-0.9973452003514267
4278,1.5026547996485733
4280,0.0026547996485732916
4284,-0.4973452003514267
4285,-1.4973452003514267
4289,-2.4973452003514267
4290,-1.4973452003514267
4291,-0.3544880574942839
4293,0.5026547996485733
4294,-0.4973452003514267
4297,0.5026547996485733
4298,1.5026547996485733
4299,0.10265479964857338
4300,0.5026547996485733
4304,0.5026547996485733
4305,-1.4973452003514267
4306,0.7658126943854158
4307,0.5026547996485733
4308,0.34880864580241955
4310,0.1276547996485733
4312,0.0026547996485732916
4316,-1.4973452003514267
4317,-0.4973452003514267
4321,0.1693214663152398
4322,0.5026547996485733
4323,0.5026547996485733
4326,0.1693214663152398
4327,1.1693214663152403
4329,0.1693214663152398
4333,-0.16401186701809323
4334,1.0026547996485733
4337,-0.4973452003514267
4339,0.0026547996485732916
4340,-0.4973452003514267
4343,-1.4973452003514267
4344,-0.3306785336847602
4345,0.5026547996485733
4347,0.5026547996485733
4349,0.0026547996485732916
4350,0.5026547996485733
4351,0.0026547996485732916
4353,-0.4973452003514267
4355,-1.4973452003514267
4359,0.5026547996485733
4361,-0.13370883671506295
4366,-1.1640118670180932
4367,-1.4973452003514267
4368,-0.4973452003514267
4369,-0.6402023432085695
4370,-0.16401186701809323
4372,0.0026547996485732916
4373,0.5026547996485733
4378,0.3026547996485731
4380,0.5026547996485733
4381,0.5026547996485733
4383,-1.4973452003514267
4384,-0.4973452003514267
4386,0.5026547996485733
4387,0.5026547996485733
4388,-1.83067853368476
4389,-0.16401186701809323
4390,0.5026547996485733
4396,-0.4973452003514267
4397,-0.4973452003514267
4406,0.5026547996485733
4410,0.5026547996485733
4412,-2.4973452003514267
4419,1.5026547996485733
4420,-0.4973452003514267
4422,0.5026547996485733
4424,0.0026547996485732916
4426,1.5026547996485733
4427,1.0026547996485733
4428,0.5026547996485733
4429,1.5026547996485733
4432,1.5026547996485733
4433,0.5026547996485733
4436,-0.4973452003514267
4437,1.0026547996485733
4438,1.5026547996485733
4439,0.5026547996485733
4440,1.5026547996485733
4441,1.5026547996485733
4442,-2.4973452003514267
4443,-0.4973452003514267
4444,1.5026547996485733
4445,0.5026547996485733
4446,-0.4973452003514267
4447,0.2169405139342877
4448,-0.05290075590698207
4449,-1.4973452003514267
4450,1.0026547996485733
4452,0.0026547996485732916
4458,0.5026547996485733
4462,-1.9973452003514267
4463,-1.4973452003514267
4464,0.5026547996485733
4465,0.0026547996485732916
4466,-1.4973452003514267
4467,-0.3544880574942839
4471,-2.4973452003514267
4473,-0.4973452003514267
4474,-1.4973452003514267
4475,0.5026547996485733
4476,-1.4973452003514267
4477,-2.1640118670180932
4478,0.0026547996485732916
4480,-0.4973452003514267
4482,1.5026547996485733
4483,-1.4973452003514267
4484,-0.4973452003514267
4487,-0.4973452003514267
4488,-0.4973452003514267
4489,-0.0973452003514268
4492,-0.4973452003514267
4495,1.5026547996485733
4498,-0.16401186701809323
4499,0.5026547996485733
4500,0.5026547996485733
4502,-2.4973452003514267
4505,-0.4973452003514267
4506,-0.4973452003514267
4508,-0.4973452003514267
4509,-0.4973452003514267
4516,-0.4973452003514267
4517,-0.4973452003514267
4518,0.5026547996485733
4519,-0.4973452003514267
4521,-0.4973452003514267
4522,-2.4973452003514267
4523,0.0026547996485732916
4526,-1.4973452003514267
4527,-0.4973452003514267
4529,0.0026547996485732916
4534,-0.4973452003514267
4535,0.1693214663152398
4541,0.0026547996485732916
4544,-1.4973452003514267
4545,-0.16401186701809323
4546,0.5026547996485733
4553,0.2526547996485733
4558,-1.4973452003514267
4562,0.5026547996485733
4563,-1.4973452003514267
4564,-0.16401186701809323
4565,-0.9973452003514267
4571,0.4026547996485732
4572,-0.4973452003514267
4577,0.5026547996485733
4578,-0.4973452003514267
4583,0.5026547996485733
4585,0.0026547996485732916
4587,-0.8306785336847602
4589,-1.4973452003514267
4591,-0.4973452003514267
4599,-1.4973452003514267
4600,0.5026547996485733
4602,-0.4973452003514267
4605,0.5026547996485733
4608,-1.4973452003514267
4610,-1.4973452003514267
4613,-1.4973452003514267
4616,-0.4973452003514267
4617,1.5026547996485733
4621,-0.9973452003514267
4622,-1.4973452003514267
4623,-0.0973452003514268
4624,-0.4973452003514267
4625,-1.4973452003514267
4628,-0.4973452003514267
4629,-1.4973452003514267
4630,-2.4973452003514267
4634,0.5026547996485733
4635,-2.4973452003514267
4638,-0.6973452003514269
4639,-0.6640118670180932
4640,-0.16401186701809323
4641,0.3359881329819068
4642,0.5026547996485733
4643,-0.5806785336847602
4649,-1.4973452003514267
4654,-0.16401186701809323
4660,0.5026547996485733
4661,-0.4973452003514267
4663,-2.4973452003514267
4666,-0.4973452003514267
4672,-0.9973452003514267
4673,-1.4973452003514267
4675,-2.4973452003514267
4676,-2.9973452003514267
4677,-0.7473452003514267
4678,0.0026547996485732916
4679,0.1693214663152398
4681,0.5026547996485733
4686,-1.9973452003514267
4688,-0.4973452003514267
4690,-0.4973452003514267
4695,0.5026547996485733
4697,-0.4973452003514267
4699,-0.4973452003514267
4700,0.3026547996485731
4701,0.5026547996485733
4703,-2.4973452003514267
4705,-0.4973452003514267
4708,0.5026547996485733
4709,-0.8306785336847602
4711,0.5026547996485733
4713,0.1693214663152398
4714,-1.4973452003514267
4717,0.5026547996485733
4718,0.0026547996485732916
4719,-0.9973452003514267
4720,0.1693214663152398
4721,-0.4973452003514267
4723,-1.83067853368476
4725,0.5026547996485733
4727,-0.4973452003514267
4728,-0.4973452003514267
4732,-2.4973452003514267
4734,-0.0973452003514268
4735,-1.4973452003514267
4736,-2.4973452003514267
4738,0.5026547996485733
4741,0.1693214663152398
4743,-0.4973452003514267
4744,-0.9973452003514267
4745,0.5026547996485733
4754,0.5026547996485733
4756,-2.4973452003514267
4757,-0.9973452003514267
4765,0.5026547996485733
4766,0.5026547996485733
4769,-0.4973452003514267
4770,-1.4973452003514267
4771,0.5026547996485733
4773,-0.4973452003514267
4774,-0.9973452003514267
4776,0.1693214663152398
4780,-1.4973452003514267
4782,-0.4973452003514267
4783,-0.4973452003514267
4784,-0.4973452003514267
4786,-2.4973452003514267
4787,0.0026547996485732916
4789,1.5026547996485733
4792,-1.4973452003514267
4795,0.0026547996485732916
4799,-0.4973452003514267
4801,0.5026547996485733
4802,0.5026547996485733
4803,0.5026547996485733
4808,-0.9973452003514267
4809,1.5026547996485733
4810,-1.4973452003514267
4811,-0.4973452003514267
4812,-1.2473452003514267
4813,1.5026547996485733
4814,0.5026547996485733
4815,-0.2473452003514267
4816,-0.16401186701809323
4821,-3.4973452003514267
4822,-0.4973452003514267
4823,-0.6973452003514269
4826,0.5026547996485733
4831,-0.4973452003514267
4833,0.5026547996485733
4835,0.5026547996485733
4836,0.5026547996485733
4844,-0.8306785336847602
4846,0.5026547996485733
4847,-1.4973452003514267
4848,0.2526547996485733
4849,0.5026547996485733
4852,-0.4973452003514267
4855,0.7526547996485733
4857,0.7526547996485733
4860,-1.4973452003514267
4863,-1.4973452003514267
4865,-0.9973452003514267
4866,-0.4973452003514267
4867,-0.4973452003514267
4873,-1.1640118670180932
4874,0.0026547996485732916
4876,-1.4973452003514267
4878,0.8359881329819063
4879,-0.4973452003514267
4880,-0.4973452003514267
4881,0.1693214663152398
4886,0.4026547996485732
4887,-1.4973452003514267
4888,0.0026547996485732916
4889,-0.16401186701809323
4890,-0.0973452003514268
4896,0.2169405139342877
4898,-1.1640118670180932
4899,-1.4973452003514267
4900,0.5026547996485733
4901,-0.16401186701809323
4902,0.5026547996485733
4903,-0.3544880574942839
4909,-1.4973452003514267
4911,-0.4973452003514267
4912,0.5026547996485733
4914,1.5026547996485733
4915,-0.16401186701809323
4916,-0.16401186701809323
4917,0.5026547996485733
4919,-0.4973452003514267
4920,0.5026547996485733
4921,-0.4973452003514267
4925,-0.4973452003514267
4926,-1.4973452003514267
4927,-0.4973452003514267
4929,-1.4973452003514267
4932,-2.4973452003514267
4936,-0.4973452003514267
4939,-0.4973452003514267
4941,0.0026547996485732916
4945,0.5026547996485733
4946,0.5026547996485733
4947,0.0026547996485732916
4951,-0.2473452003514267
4953,-1.4973452003514267
4954,0.2526547996485733
4956,1.5026547996485733
4957,1.5026547996485733
4958,-0.2473452003514267
4959,-0.4973452003514267
4961,-1.4973452003514267
4962,-1.4973452003514267
4963,0.3151547996485733
4965,0.0026547996485732916
4966,-0.4973452003514267
4967,0.7526547996485733
4969,1.5026547996485733
4970,0.5026547996485733
4971,-0.4973452003514267
4973,1.2169405139342877
4974,0.0026547996485732916
4975,-0.05290075590698207
4976,1.0026547996485733
4978,0.5026547996485733
4979,0.32083661783039163
4980,-0.6973452003514269
4981,0.5026547996485733
4985,-2.4973452003514267
4987,-2.4973452003514267
4990,-0.4973452003514267
4991,-0.4973452003514267
4992,0.2526547996485733
4993,0.7526547996485733
4994,-0.06877377177999833
4995,0.7026547996485735
5004,0.0026547996485732916
5008,1.5026547996485733
5009,-0.8306785336847602
5010,0.07408337107714491
5011,0.5026547996485733
5013,0.5026547996485733
5014,0.6693214663152403
5015,0.5026547996485733
5016,-0.2473452003514267
5021,-1.4973452003514267
5023,0.5026547996485733
5025,0.0026547996485732916
5026,0.7526547996485733
5027,0.0026547996485732916
5033,-0.9973452003514267
5034,-0.4973452003514267
5039,0.5026547996485733
5040,0.1693214663152398
5046,-0.4973452003514267
5048,-0.4973452003514267
5049,0.8359881329819063
5051,-0.4973452003514267
5055,-0.4973452003514267
5060,0.34880864580241955
5063,-0.4973452003514267
5064,0.3026547996485731
5065,-0.2473452003514267
5066,0.0026547996485732916
5068,0.5026547996485733
5071,0.5026547996485733
5072,1.0026547996485733
5073,0.5026547996485733
5074,0.5026547996485733
5075,-0.4973452003514267
5077,-0.4973452003514267
5080,-1.4973452003514267
5081,-0.4973452003514267
5083,0.0026547996485732916
5093,-0.4973452003514267
5094,-1.4973452003514267
5095,0.5026547996485733
5099,-2.4973452003514267
5102,-0.4973452003514267
5103,0.2526547996485733
5106,-1.4973452003514267
5107,-0.2473452003514267
5108,-1.2473452003514267
5109,0.5026547996485733
5110,0.0026547996485732916
5112,-0.4973452003514267
5114,0.5026547996485733
5116,-0.4973452003514267
5127,0.5026547996485733
5128,-1.4973452003514267
5131,0.5026547996485733
5135,0.7026547996485735
5137,1.5026547996485733
5139,-0.4973452003514267
5146,0.5026547996485733
5147,-0.4973452003514267
5151,0.5026547996485733
5152,0.0026547996485732916
5155,0.5026547996485733
5159,-0.4973452003514267
5168,-0.4973452003514267
5170,-1.4973452003514267
5171,-0.4973452003514267
5178,0.5026547996485733
5181,0.5026547996485733
5187,0.5026547996485733
5197,-1.4973452003514267
5202,0.5026547996485733
5209,-1.4973452003514267
5214,-2.4973452003514267
5218,0.2526547996485733
5219,-0.8973452003514266
5220,-0.4973452003514267
5222,0.8359881329819063
5225,1.0026547996485733
5226,-1.4973452003514267
5237,0.5026547996485733
5241,1.5026547996485733
5246,-0.9973452003514267
5247,-1.1640118670180932
5248,-3.4973452003514267
5250,1.0026547996485733
5254,-0.2473452003514267
5255,-0.4973452003514267
5256,-0.9973452003514267
5258,-1.4973452003514267
5264,-1.4973452003514267
5265,-0.4973452003514267
5266,0.07408337107714491
5267,0.10265479964857338
5272,-0.4973452003514267
5278,-2.4973452003514267
5282,0.5026547996485733
5283,-0.3306785336847602
5285,0.5026547996485733
5291,1.5026547996485733
5292,0.5026547996485733
5293,-0.4973452003514267
5294,-0.4973452003514267
5296,-0.4973452003514267
5297,-0.9973452003514267
5298,0.5026547996485733
5299,-0.2306785336847601
5303,-0.7473452003514267
5307,-0.4973452003514267
5308,-0.6973452003514269
5309,-1.1640118670180932
5311,-0.4973452003514267
5312,-0.8306785336847602
5313,-2.2473452003514267
5316,-0.4973452003514267
5319,-1.4973452003514267
5321,-1.4973452003514267
5322,0.5026547996485733
5323,-2.9973452003514267
5324,-1.4973452003514267
5325,0.10265479964857338
5328,1.5026547996485733
5329,0.1693214663152398
5334,-2.4973452003514267
5337,-0.4973452003514267
5338,-1.4973452003514267
5339,0.8359881329819063
5345,-0.4973452003514267
5346,-2.4973452003514267
5347,-0.9973452003514267
5349,0.18447298146675495
5353,-0.4973452003514267
5357,0.5026547996485733
5358,-0.4973452003514267
5364,0.5026547996485733
5365,0.5026547996485733
5377,0.39154368853746213
5378,0.028970589122257362
5379,1.0026547996485733
5380,0.5026547996485733
5382,0.5026547996485733
5387,1.5026547996485733
5388,-0.4973452003514267
5389,-0.4973452003514267
5390,-0.4973452003514267
5391,0.5026547996485733
5400,-0.3544880574942839
5404,1.5026547996485733
5410,-0.4973452003514267
5414,-1.4973452003514267
5415,0.5026547996485733
5416,1.5026547996485733
5417,0.5026547996485733
5418,0.10265479964857338
5419,0.1693214663152398
5420,-0.6640118670180932
5421,0.0026547996485732916
5422,0.5026547996485733
5423,-0.4973452003514267
5424,-0.4973452003514267
5425,0.5026547996485733
5427,-1.9973452003514267
5428,-1.9973452003514267
5433,-0.4973452003514267
5434,0.0026547996485732916
5435,-0.4973452003514267
5437,-0.4973452003514267
5438,-0.9973452003514267
5444,0.2526547996485733
5445,0.5614783290603378
5446,-0.4973452003514267
5447,0.5026547996485733
5448,-1.4973452003514267
5449,-1.4973452003514267
5450,-0.16401186701809323
5451,0.5026547996485733
5452,-2.4973452003514267
5454,-0.4973452003514267
5459,-1.4973452003514267
5460,0.0026547996485732916
5461,-1.4973452003514267
5462,-0.9973452003514267
5463,-0.9973452003514267
5464,0.39154368853746213
5466,0.8359881329819063
5470,0.5026547996485733
5471,-1.4973452003514267
5472,0.5026547996485733
5475,0.5026547996485733
5477,1.5026547996485733
5478,0.5026547996485733
5479,0.1693214663152398
5480,-0.4973452003514267
5481,-0.7973452003514265
5483,-0.4973452003514267
5485,0.0026547996485732916
5486,-1.4973452003514267
5490,1.5026547996485733
5493,0.5026547996485733
5497,0.0026547996485732916
5498,0.5026547996485733
5499,-0.4973452003514267
5500,0.8359881329819063
5501,-2.4973452003514267
5502,0.0026547996485732916
5504,-1.4973452003514267
5505,-0.29734520035142653
5506,-0.4973452003514267
5507,-1.2473452003514267
5508,-0.4973452003514267
5512,-0.4973452003514267
5521,0.5026547996485733
5522,0.1693214663152398
5524,-0.4973452003514267
5527,0.0026547996485732916
5528,0.3026547996485731
5529,-1.4973452003514267
5530,-0.9973452003514267
5531,-1.4973452003514267
5537,1.5026547996485733
5538,-2.4973452003514267
5539,-2.4973452003514267
5540,0.3026547996485731
5541,-0.4973452003514267
5543,-1.4973452003514267
5544,0.0026547996485732916
5548,-0.9973452003514267
5553,-0.4973452003514267
5560,-2.4973452003514267
5562,-1.4973452003514267
5563,-0.4973452003514267
5568,-0.8306785336847602
5570,1.5026547996485733
5572,-0.8306785336847602
5574,-0.4973452003514267
5575,-1.4973452003514267
5577,0.5026547996485733
5581,-1.4973452003514267
5582,-0.9973452003514267
5585,-2.4973452003514267
5589,-0.4973452003514267
5603,1.5026547996485733
5607,1.5026547996485733
5608,-0.4973452003514267
5609,-1.4973452003514267
5610,-1.4973452003514267
5611,-0.9973452003514267
5612,-1.4973452003514267
5615,-0.4973452003514267
5617,1.5026547996485733
5618,1.0026547996485733
5619,0.5026547996485733
5620,-0.9973452003514267
5621,-2.4973452003514267
5625,-0.4973452003514267
5628,-0.4973452003514267
5629,-1.4973452003514267
5630,0.10265479964857338
5632,0.5026547996485733
5633,-0.4973452003514267
5637,1.5026547996485733
5638,-1.4973452003514267
5643,-0.4973452003514267
5644,0.5026547996485733
5646,0.0026547996485732916
5649,-0.4973452003514267
5650,0.1693214663152398
5651,-0.4973452003514267
5663,-0.4973452003514267
5665,-0.4973452003514267
5666,-1.4973452003514267
5668,0.5026547996485733
5669,0.8359881329819063
5670,-0.4973452003514267
5673,0.5026547996485733
5678,-1.4973452003514267
5679,-0.4973452003514267
5680,-0.4973452003514267
5682,0.5026547996485733
5684,-0.4973452003514267
5685,0.5026547996485733
5693,0.0026547996485732916
5696,-0.4973452003514267
5699,0.5026547996485733
5723,1.5026547996485733
5745,1.5026547996485733
5747,-0.4973452003514267
5755,-1.4973452003514267
5771,-3.4973452003514267
5773,-0.4973452003514267
5784,-1.4973452003514267
5785,0.1693214663152398
5788,0.5026547996485733
5791,0.0026547996485732916
5792,0.0026547996485732916
5803,-1.4973452003514267
5804,-0.4973452003514267
5809,-0.4973452003514267
5810,0.0026547996485732916
5812,-0.2473452003514267
5816,-0.29734520035142653
5818,0.5026547996485733
5820,-0.4973452003514267
5829,0.5026547996485733
5836,-1.4973452003514267
5841,-1.9973452003514267
5843,-0.9973452003514267
5863,-2.4973452003514267
5872,-0.7473452003514267
5873,0.0026547996485732916
5875,-1.4973452003514267
5876,0.8359881329819063
5878,0.5026547996485733
5879,-2.4973452003514267
5880,-2.4973452003514267
5881,0.1693214663152398
5884,-2.4973452003514267
5890,0.5026547996485733
5891,-2.4973452003514267
5893,0.5026547996485733
5896,0.5026547996485733
5902,1.0026547996485733
5903,0.0026547996485732916
5925,-1.4973452003514267
5938,1.0026547996485733
5941,0.5026547996485733
5943,-0.9973452003514267
5944,-0.8306785336847602
5945,0.0026547996485732916
5952,0.3597976567914305
5954,0.1693214663152398
5955,0.5026547996485733
5956,0.5026547996485733
5957,-0.4973452003514267
5959,-0.4973452003514267
5962,-2.4973452003514267
5965,0.5026547996485733
5968,0.5026547996485733
5970,-0.4973452003514267
5971,1.5026547996485733
5980,0.5026547996485733
5984,-0.4973452003514267
5988,-0.4973452003514267
5989,0.6693214663152403
5991,0.8662911632849366
5992,0.2526547996485733
5993,-1.4973452003514267
5994,0.5026547996485733
5995,0.0026547996485732916
5999,-1.4973452003514267
6001,0.5026547996485733
6002,-0.4973452003514267
6003,0.0026547996485732916
6016,0.5026547996485733
6022,-2.4973452003514267
6027,0.5026547996485733
6030,-1.4973452003514267
6033,-0.4973452003514267
6036,-0.4973452003514267
6039,-0.9973452003514267
6042,-0.4973452003514267
6044,-1.4973452003514267
6049,0.5026547996485733
6051,1.5026547996485733
6055,-2.4973452003514267
6058,-1.4973452003514267
6059,-0.4973452003514267
6060,0.5026547996485733
6062,-0.4973452003514267
6067,0.5026547996485733
6078,-1.4973452003514267
6093,0.5026547996485733
6104,0.5026547996485733
6116,-0.4973452003514267
6122,1.5026547996485733
6124,-1.4973452003514267
6141,-0.4973452003514267
6143,0.5026547996485733
6153,-2.4973452003514267
6155,0.5026547996485733
6156,0.0026547996485732916
6157,-0.4973452003514267
6159,0.5026547996485733
6166,-2.4973452003514267
6169,-0.4973452003514267
6170,0.5026547996485733
6183,0.5026547996485733
6184,1.5026547996485733
6185,-0.4973452003514267
6187,0.5026547996485733
6188,0.2526547996485733
6192,1.5026547996485733
6193,-0.4973452003514267
6197,-0.4973452003514267
6213,-0.4973452003514267
6217,0.5026547996485733
6218,0.3597976567914305
6219,-0.4973452003514267
6238,-1.1640118670180932
6239,-0.4973452003514267
6246,0.5026547996485733
6250,-1.4973452003514267
6252,-0.9973452003514267
6254,1.5026547996485733
6264,-3.4973452003514267
6266,0.5026547996485733
6268,-0.4973452003514267
6269,0.5026547996485733
6281,-0.4973452003514267
6283,0.5026547996485733
6285,0.5026547996485733
6287,0.5026547996485733
6288,0.0026547996485732916
6296,0.5026547996485733
6297,0.0026547996485732916
6301,0.5026547996485733
6302,-2.4973452003514267
6303,-0.2473452003514267
6305,-0.4973452003514267
6308,-1.4973452003514267
6313,-1.4973452003514267
6314,-1.4973452003514267
6315,-1.9973452003514267
6319,-2.4973452003514267
6322,-0.9973452003514267
6323,0.5026547996485733
6330,-0.4973452003514267
6331,0.5026547996485733
6333,0.6455119425057165
6334,0.5026547996485733
6335,0.1693214663152398
6337,0.0026547996485732916
6339,0.5026547996485733
6341,0.5026547996485733
6345,1.5026547996485733
6347,-2.4973452003514267
6348,-3.4973452003514267
6349,-1.4973452003514267
6350,0.5026547996485733
6357,-0.4973452003514267
6358,-0.4973452003514267
6365,0.07408337107714491
6367,-0.4973452003514267
6368,-0.4973452003514267
6370,1.5026547996485733
6373,0.1693214663152398
6375,1.5026547996485733
6376,-1.4973452003514267
6377,0.7526547996485733
6378,-0.29734520035142653
6382,-0.4973452003514267
6383,-1.9973452003514267
6385,1.5026547996485733
6386,0.5026547996485733
6390,-0.4973452003514267
6410,-0.4973452003514267
6422,0.5026547996485733
6424,-2.4973452003514267
6425,-1.4973452003514267
6428,-0.4973452003514267
6440,0.5026547996485733
6442,1.5026547996485733
6448,0.5026547996485733
6454,-0.4973452003514267
6460,1.5026547996485733
6461,0.5026547996485733
6476,-0.4973452003514267
6503,0.5026547996485733
6534,-0.6973452003514269
6536,-0.4973452003514267
6537,-1.2473452003514267
6538,-0.4973452003514267
6539,-0.2473452003514267
6541,-1.4973452003514267
6550,-0.4973452003514267
6551,0.5026547996485733
6552,0.5026547996485733
6560,-1.4973452003514267
6561,-0.4973452003514267
6564,-3.4973452003514267
6565,0.1693214663152398
6568,0.5026547996485733
6572,0.5026547996485733
6574,-2.4973452003514267
6579,0.5026547996485733
6582,-0.4973452003514267
6586,0.5026547996485733
6588,0.5026547996485733
6591,1.5026547996485733
6593,0.5026547996485733
6595,-2.4973452003514267
6596,-0.4973452003514267
6617,0.0026547996485732916
6620,-0.4973452003514267
6624,-3.4973452003514267
6628,-1.4973452003514267
6631,-2.4973452003514267
6636,0.5026547996485733
6638,-1.4973452003514267
6645,-0.4973452003514267
6658,-0.4973452003514267
6659,-1.4973452003514267
6662,-0.4973452003514267
6663,-0.4973452003514267
6679,0.5026547996485733
6689,0.5026547996485733
6696,-1.4973452003514267
6702,-0.4973452003514267
6708,0.0026547996485732916
6709,0.0026547996485732916
6711,0.5026547996485733
6718,-1.4973452003514267
6720,-0.4973452003514267
6732,-1.4973452003514267
6744,-1.4973452003514267
6753,-0.4973452003514267
6754,-0.4973452003514267
6773,0.5026547996485733
6774,0.5026547996485733
6776,0.5026547996485733
6777,-0.4973452003514267
6787,0.5026547996485733
6788,-1.4973452003514267
6790,-1.4973452003514267
6791,1.5026547996485733
6796,0.5026547996485733
6798,-0.4973452003514267
6807,-0.16401186701809323
6808,0.0026547996485732916
6809,-0.4973452003514267
6810,-1.4973452003514267
6811,-0.4973452003514267
6812,-1.4973452003514267
6814,-0.4973452003514267
6816,0.5026547996485733
6820,0.5026547996485733
6832,0.5026547996485733
6850,-0.4973452003514267
6851,-0.4973452003514267
6856,0.5026547996485733
6857,-2.4973452003514267
6862,-0.4973452003514267
6863,0.5026547996485733
6867,0.5026547996485733
6870,1.5026547996485733
6873,0.5026547996485733
6874,0.2526547996485733
6879,-0.16401186701809323
6890,0.5026547996485733
6893,1.0026547996485733
6898,-0.4973452003514267
6911,-0.4973452003514267
6927,0.5026547996485733
6932,0.5026547996485733
6934,0.5026547996485733
6936,1.0026547996485733
6942,0.5026547996485733
6944,-1.4973452003514267
6947,0.5026547996485733
6950,0.5026547996485733
6953,0.5026547996485733
6963,0.5026547996485733
6974,-0.4973452003514267
6979,0.5026547996485733
6999,-1.4973452003514267
7004,-0.4973452003514267
7009,-0.4973452003514267
7012,-0.4973452003514267
7013,0.5026547996485733
7015,-0.4973452003514267
7018,-1.4973452003514267
7019,-0.4973452003514267
7033,-0.4973452003514267
7036,-0.4973452003514267
7048,-0.4973452003514267
7049,-0.4973452003514267
7050,-0.4973452003514267
7051,-0.4973452003514267
7052,-0.4973452003514267
7053,0.5026547996485733
7054,-0.4973452003514267
7057,-0.4973452003514267
7059,0.5026547996485733
7082,-0.4973452003514267
7085,-0.4973452003514267
7093,-0.4973452003514267
7102,-0.4973452003514267
7107,-1.4973452003514267
7121,1.5026547996485733
7143,0.5026547996485733
7149,0.5026547996485733
7151,0.5026547996485733
7153,0.5026547996485733
